date,maxtempC,mintempC,avgtempC,sunHour,humidity,pressure
2018-01-01,8,6,7,5.0,69,999
2018-01-02,12,4,8,2.0,81,1005
2018-01-03,12,7,9,8.0,60,996
2018-01-04,12,7,8,1.0,78,995
2018-01-05,9,4,7,8.0,73,995
2018-01-06,6,2,4,5.0,76,1009
2018-01-07,6,3,4,8.0,61,1025
2018-01-08,6,3,4,1.0,80,1021
2018-01-09,7,4,5,1.0,90,1008
2018-01-10,9,5,8,8.0,91,1005
2018-01-11,8,4,6,1.0,92,1018
2018-01-12,8,6,7,8.0,87,1025
2018-01-13,7,5,6,1.0,80,1020
2018-01-14,7,3,5,4.0,77,1018
2018-01-15,11,5,8,2.0,80,999
2018-01-16,7,4,6,8.0,62,995
2018-01-17,7,3,5,9.0,59,1004
2018-01-18,11,3,7,8.0,67,1000
2018-01-19,7,2,4,9.0,68,1009
2018-01-20,5,2,3,1.0,84,1003
2018-01-21,9,2,4,1.0,87,1011
2018-01-22,10,5,8,9.0,83,1012
2018-01-23,12,5,9,1.0,90,1016
2018-01-24,14,8,11,1.0,77,1007
2018-01-25,10,6,8,9.0,71,1008
2018-01-26,8,2,5,9.0,82,1018
2018-01-27,11,4,8,3.0,85,1026
2018-01-28,12,9,11,1.0,87,1030
2018-01-29,12,6,10,1.0,76,1028
2018-01-30,9,3,6,9.0,77,1026
2018-01-31,10,4,8,4.0,67,1005
2018-02-01,7,3,5,8.0,64,1003
2018-02-02,7,3,5,6.0,70,1010
2018-02-03,5,1,4,1.0,80,1008
2018-02-04,6,2,3,4.0,68,1023
2018-02-05,5,0,2,7.0,68,1026
2018-02-06,4,-1,1,9.0,63,1018
2018-02-07,5,-0,2,10.0,64,1020
2018-02-08,7,-1,3,6.0,70,1018
2018-02-09,6,2,5,5.0,72,1010
2018-02-10,10,-1,5,1.0,80,1011
2018-02-11,10,2,5,10.0,60,1004
2018-02-12,7,1,3,9.0,62,1014
2018-02-13,6,3,5,1.0,76,1003
2018-02-14,8,0,4,3.0,78,1005
2018-02-15,10,4,8,10.0,72,1010
2018-02-16,10,2,5,10.0,68,1024
2018-02-17,10,1,5,10.0,73,1022
2018-02-18,10,2,6,4.0,81,1022
2018-02-19,10,6,8,1.0,93,1017
2018-02-20,9,6,8,1.0,78,1020
2018-02-21,7,3,5,6.0,73,1026
2018-02-22,6,2,4,6.0,65,1024
2018-02-23,5,1,3,11.0,62,1021
2018-02-24,5,0,3,10.0,54,1022
2018-02-25,4,0,2,11.0,53,1028
2018-02-26,1,-2,0,1.0,56,1030
2018-02-27,1,-3,-1,6.0,59,1024
2018-02-28,-1,-3,-3,1.0,59,1017
2018-03-01,-0,-4,-2,1.0,76,1002
2018-03-02,0,-1,-1,1.0,83,993
2018-03-03,4,1,2,1.0,94,993
2018-03-04,8,2,5,1.0,93,990
2018-03-05,10,4,7,5.0,82,989
2018-03-06,10,5,7,7.0,77,988
2018-03-07,10,4,6,8.0,74,994
2018-03-08,9,4,7,11.0,66,997
2018-03-09,10,2,7,4.0,82,1001
2018-03-10,13,8,11,1.0,89,995
2018-03-11,12,6,9,6.0,84,991
2018-03-12,11,7,9,1.0,84,989
2018-03-13,12,5,8,9.0,73,1007
2018-03-14,12,4,8,12.0,68,1003
2018-03-15,13,8,10,2.0,76,990
2018-03-16,13,7,10,10.0,73,999
2018-03-17,7,-1,2,1.0,74,1006
2018-03-18,0,-1,-0,1.0,78,1009
2018-03-19,3,-1,1,12.0,64,1016
2018-03-20,7,1,4,7.0,73,1028
2018-03-21,10,1,5,11.0,67,1031
2018-03-22,11,4,7,7.0,71,1019
2018-03-23,12,6,9,3.0,69,1001
2018-03-24,10,7,8,1.0,79,1000
2018-03-25,13,6,9,4.0,71,1011
2018-03-26,13,3,8,11.0,58,1017
2018-03-27,13,6,9,3.0,75,1007
2018-03-28,8,3,6,5.0,73,1003
2018-03-29,9,1,5,5.0,75,1002
2018-03-30,8,3,6,1.0,85,995
2018-03-31,9,4,6,2.0,78,998
2018-04-01,8,4,6,4.0,69,1011
2018-04-02,10,5,8,1.0,88,999
2018-04-03,14,8,11,4.0,80,995
2018-04-04,11,7,10,1.0,78,995
2018-04-05,12,4,8,12.0,57,1014
2018-04-06,16,6,10,13.0,66,1011
2018-04-07,16,8,12,5.0,80,1006
2018-04-08,11,9,10,1.0,86,1008
2018-04-09,12,8,9,1.0,86,1006
2018-04-10,14,8,11,3.0,83,1002
2018-04-11,14,8,11,6.0,82,1007
2018-04-12,12,8,9,1.0,85,1004
2018-04-13,13,7,10,1.0,76,1008
2018-04-14,18,8,13,13.0,71,1016
2018-04-15,15,8,12,11.0,76,1010
2018-04-16,15,9,11,12.0,66,1014
2018-04-17,18,10,14,13.0,63,1020
2018-04-18,23,12,17,15.0,62,1026
2018-04-19,27,13,20,15.0,55,1023
2018-04-20,25,14,19,15.0,63,1023
2018-04-21,24,12,18,15.0,59,1020
2018-04-22,22,12,18,13.0,60,1011
2018-04-23,16,9,12,15.0,65,1016
2018-04-24,15,11,13,3.0,77,1013
2018-04-25,15,9,12,13.0,62,1012
2018-04-26,15,8,11,13.0,59,1016
2018-04-27,13,8,10,1.0,77,1008
2018-04-28,11,8,10,1.0,80,1009
2018-04-29,8,6,7,1.0,79,1010
2018-04-30,8,6,7,1.0,71,1005
2018-05-01,14,4,10,15.0,59,1009
2018-05-02,13,9,11,8.0,70,1007
2018-05-03,17,6,12,13.0,59,1019
2018-05-04,19,9,15,14.0,64,1023
2018-05-05,22,12,16,15.0,51,1025
2018-05-06,25,11,18,15.0,50,1022
2018-05-07,27,14,20,15.0,43,1018
2018-05-08,25,14,19,15.0,57,1010
2018-05-09,19,10,15,15.0,59,1009
2018-05-10,17,11,14,15.0,55,1015
2018-05-11,18,9,14,14.0,57,1016
2018-05-12,15,10,13,3.0,76,1012
2018-05-13,17,10,14,13.0,63,1015
2018-05-14,20,10,15,15.0,49,1020
2018-05-15,23,10,16,15.0,57,1020
2018-05-16,16,9,13,5.0,66,1024
2018-05-17,17,8,12,15.0,61,1027
2018-05-18,17,7,12,15.0,52,1026
2018-05-19,21,10,15,15.0,54,1024
2018-05-20,21,11,16,15.0,59,1022
2018-05-21,23,11,17,13.0,59,1016
2018-05-22,22,12,16,15.0,64,1017
2018-05-23,20,11,15,15.0,70,1022
2018-05-24,23,11,16,10.0,71,1020
2018-05-25,22,13,17,6.0,70,1018
2018-05-26,25,14,19,13.0,68,1019
2018-05-27,26,17,22,16.0,65,1016
2018-05-28,26,17,21,17.0,69,1018
2018-05-29,21,15,17,7.0,74,1016
2018-05-30,22,14,18,2.0,76,1013
2018-05-31,23,16,19,10.0,71,1015
2018-06-01,22,17,19,16.0,72,1018
2018-06-02,23,16,19,16.0,67,1018
2018-06-03,25,15,20,17.0,60,1018
2018-06-04,20,15,17,3.0,76,1016
2018-06-05,17,13,15,3.0,73,1017
2018-06-06,22,10,16,17.0,61,1016
2018-06-07,23,13,18,13.0,64,1016
2018-06-08,23,14,18,14.0,65,1017
2018-06-09,23,13,18,16.0,64,1016
2018-06-10,22,14,18,17.0,65,1015
2018-06-11,23,13,18,17.0,57,1014
2018-06-12,18,13,16,11.0,64,1017
2018-06-13,22,12,17,14.0,55,1018
2018-06-14,21,15,17,9.0,67,1013
2018-06-15,22,13,18,15.0,54,1016
2018-06-16,18,14,16,8.0,64,1015
2018-06-17,18,13,16,2.0,72,1016
2018-06-18,23,16,18,4.0,74,1019
2018-06-19,24,18,20,9.0,72,1022
2018-06-20,23,16,19,5.0,76,1020
2018-06-21,20,13,16,17.0,49,1025
2018-06-22,22,12,17,17.0,52,1030
2018-06-23,23,12,18,16.0,50,1028
2018-06-24,25,14,19,17.0,48,1026
2018-06-25,30,16,23,17.0,51,1026
2018-06-26,27,17,22,17.0,53,1027
2018-06-27,25,14,19,17.0,56,1026
2018-06-28,27,14,20,17.0,60,1024
2018-06-29,27,15,20,17.0,55,1022
2018-06-30,26,14,20,17.0,58,1017
2018-07-01,28,17,23,17.0,54,1014
2018-07-02,26,18,22,17.0,43,1016
2018-07-03,25,16,20,17.0,48,1018
2018-07-04,26,14,20,15.0,55,1016
2018-07-05,28,18,24,17.0,52,1016
2018-07-06,30,18,24,17.0,49,1021
2018-07-07,30,20,25,17.0,52,1024
2018-07-08,29,19,24,17.0,50,1026
2018-07-09,27,19,23,8.0,53,1026
2018-07-10,22,16,19,16.0,59,1024
2018-07-11,24,14,19,17.0,61,1022
2018-07-12,25,15,20,17.0,57,1022
2018-07-13,26,17,21,16.0,56,1022
2018-07-14,27,17,22,9.0,57,1020
2018-07-15,29,19,24,16.0,45,1016
2018-07-16,29,19,24,16.0,49,1014
2018-07-17,22,16,20,14.0,58,1016
2018-07-18,25,17,21,12.0,54,1019
2018-07-19,26,17,22,11.0,50,1019
2018-07-20,25,19,22,15.0,54,1015
2018-07-21,27,18,23,16.0,54,1014
2018-07-22,28,19,23,12.0,60,1016
2018-07-23,31,20,25,16.0,55,1016
2018-07-24,29,19,24,16.0,56,1015
2018-07-25,30,20,25,15.0,53,1017
2018-07-26,33,21,27,15.0,50,1013
2018-07-27,31,20,25,13.0,55,1009
2018-07-28,22,18,20,14.0,55,1007
2018-07-29,20,17,18,1.0,78,1007
2018-07-30,24,18,21,6.0,67,1011
2018-07-31,25,17,21,13.0,55,1016
2018-08-01,25,15,20,15.0,54,1021
2018-08-02,29,16,23,15.0,56,1023
2018-08-03,32,20,26,15.0,55,1022
2018-08-04,29,20,25,14.0,53,1023
2018-08-05,29,19,24,15.0,49,1023
2018-08-06,32,21,26,15.0,45,1015
2018-08-07,31,20,25,13.0,46,1008
2018-08-08,23,17,20,15.0,54,1011
2018-08-09,18,15,17,8.0,67,1014
2018-08-10,20,13,16,9.0,61,1018
2018-08-11,22,13,18,10.0,58,1021
2018-08-12,20,18,19,5.0,72,1011
2018-08-13,24,16,20,14.0,68,1007
2018-08-14,23,16,20,12.0,64,1016
2018-08-15,23,17,19,4.0,73,1017
2018-08-16,20,16,18,5.0,73,1014
2018-08-17,22,13,18,10.0,59,1019
2018-08-18,22,16,19,1.0,71,1021
2018-08-19,23,17,20,4.0,75,1019
2018-08-20,24,19,21,6.0,72,1020
2018-08-21,24,19,21,7.0,69,1019
2018-08-22,25,16,21,13.0,67,1017
2018-08-23,23,16,20,11.0,65,1013
2018-08-24,19,13,16,14.0,56,1013
2018-08-25,19,10,15,14.0,55,1015
2018-08-26,18,13,15,1.0,73,1010
2018-08-27,19,16,17,8.0,66,1012
2018-08-28,21,15,18,13.0,63,1017
2018-08-29,20,15,17,12.0,63,1016
2018-08-30,21,12,17,13.0,50,1023
2018-08-31,21,13,17,7.0,59,1024
2018-09-01,23,13,18,13.0,54,1025
2018-09-02,23,14,19,13.0,49,1024
2018-09-03,23,14,19,7.0,47,1021
2018-09-04,20,14,17,9.0,61,1021
2018-09-05,20,14,18,13.0,66,1020
2018-09-06,22,14,18,8.0,61,1016
2018-09-07,19,10,15,13.0,55,1016
2018-09-08,20,11,15,9.0,66,1018
2018-09-09,21,15,18,11.0,67,1018
2018-09-10,21,13,17,13.0,66,1021
2018-09-11,21,17,19,1.0,79,1019
2018-09-12,18,14,16,10.0,62,1022
2018-09-13,21,12,16,13.0,52,1023
2018-09-14,18,12,16,10.0,60,1021
2018-09-15,20,12,16,11.0,66,1023
2018-09-16,23,14,18,13.0,66,1019
2018-09-17,24,17,20,13.0,63,1014
2018-09-18,22,18,20,7.0,66,1009
2018-09-19,22,17,19,6.0,69,1012
2018-09-20,21,18,19,1.0,72,1009
2018-09-21,19,12,15,12.0,54,1009
2018-09-22,13,12,12,1.0,75,1017
2018-09-23,14,10,12,6.0,69,1019
2018-09-24,16,8,12,12.0,53,1036
2018-09-25,17,9,12,12.0,50,1037
2018-09-26,21,9,15,12.0,57,1032
2018-09-27,22,12,17,11.0,51,1026
2018-09-28,17,11,14,12.0,58,1030
2018-09-29,18,9,13,12.0,57,1028
2018-09-30,15,7,12,8.0,61,1020
2018-10-01,15,8,12,11.0,58,1025
2018-10-02,19,11,15,4.0,73,1021
2018-10-03,19,11,15,11.0,72,1026
2018-10-04,20,11,15,11.0,79,1024
2018-10-05,22,11,16,11.0,73,1015
2018-10-06,14,10,12,1.0,78,1011
2018-10-07,16,8,11,10.0,59,1022
2018-10-08,16,9,13,11.0,70,1021
2018-10-09,21,11,15,11.0,69,1018
2018-10-10,22,13,17,11.0,71,1012
2018-10-11,21,16,18,7.0,70,1005
2018-10-12,21,15,19,5.0,61,1010
2018-10-13,24,20,21,8.0,61,1010
2018-10-14,19,12,15,1.0,80,1006
2018-10-15,15,12,14,1.0,86,1011
2018-10-16,20,13,16,11.0,80,1016
2018-10-17,15,13,14,1.0,84,1020
2018-10-18,15,11,13,10.0,70,1026
2018-10-19,17,9,12,10.0,62,1027
2018-10-20,18,8,13,10.0,68,1031
2018-10-21,18,10,14,10.0,72,1028
2018-10-22,14,8,11,10.0,56,1036
2018-10-23,16,8,12,10.0,66,1031
2018-10-24,17,10,14,10.0,74,1028
2018-10-25,14,7,11,10.0,75,1021
2018-10-26,11,6,9,7.0,67,1012
2018-10-27,8,4,6,9.0,64,1014
2018-10-28,10,5,7,10.0,64,1018
2018-10-29,9,4,6,10.0,61,1007
2018-10-30,9,5,7,1.0,74,997
2018-10-31,12,3,8,10.0,71,1007
2018-11-01,13,7,10,4.0,84,1006
2018-11-02,11,5,7,10.0,65,1024
2018-11-03,12,5,9,8.0,68,1023
2018-11-04,13,9,10,9.0,73,1011
2018-11-05,15,8,12,9.0,83,1004
2018-11-06,15,11,13,2.0,85,1000
2018-11-07,15,10,13,1.0,74,998
2018-11-08,13,8,11,8.0,66,1014
2018-11-09,13,8,11,6.0,77,1005
2018-11-10,14,11,12,9.0,78,994
2018-11-11,14,10,12,8.0,72,999
2018-11-12,14,10,12,8.0,75,1009
2018-11-13,13,9,11,9.0,73,1020
2018-11-14,14,10,12,9.0,77,1022
2018-11-15,15,11,12,7.0,90,1021
2018-11-16,13,10,11,9.0,87,1025
2018-11-17,12,8,9,9.0,71,1027
2018-11-18,11,7,8,9.0,60,1027
2018-11-19,9,6,7,1.0,64,1020
2018-11-20,6,4,5,1.0,68,1009
2018-11-21,7,2,4,5.0,71,1012
2018-11-22,7,2,4,5.0,81,1017
2018-11-23,9,5,7,6.0,89,1014
2018-11-24,10,7,8,1.0,85,1010
2018-11-25,8,7,7,1.0,77,1011
2018-11-26,8,4,6,8.0,82,1013
2018-11-27,10,3,6,5.0,87,1014
2018-11-28,14,9,12,1.0,87,1007
2018-11-29,14,10,13,1.0,77,1002
2018-11-30,11,7,10,8.0,72,1007
2018-12-01,13,7,10,1.0,86,1004
2018-12-02,15,12,14,1.0,84,997
2018-12-03,14,8,11,1.0,76,1001
2018-12-04,8,4,7,7.0,74,1020
2018-12-05,12,7,11,1.0,91,1014
2018-12-06,13,10,12,1.0,90,1014
2018-12-07,14,8,11,4.0,71,1004
2018-12-08,12,9,10,4.0,68,1003
2018-12-09,11,7,10,6.0,67,1009
2018-12-10,9,5,7,7.0,79,1026
2018-12-11,8,4,6,8.0,80,1025
2018-12-12,7,4,6,5.0,74,1022
2018-12-13,6,3,4,8.0,65,1018
2018-12-14,5,1,3,4.0,68,1023
2018-12-15,8,2,4,2.0,75,1013
2018-12-16,9,4,7,7.0,86,1006
2018-12-17,9,5,7,7.0,85,1016
2018-12-18,10,9,9,1.0,80,1010
2018-12-19,10,8,9,7.0,80,1005
2018-12-20,10,7,9,7.0,78,1006
2018-12-21,13,10,11,2.0,80,1002
2018-12-22,11,8,10,7.0,80,1015
2018-12-23,12,7,9,1.0,89,1018
2018-12-24,9,4,6,7.0,82,1032
2018-12-25,8,3,6,6.0,87,1034
2018-12-26,9,5,8,2.0,87,1030
2018-12-27,7,4,6,6.0,79,1026
2018-12-28,9,5,7,3.0,91,1030
2018-12-29,12,6,9,2.0,93,1032
2018-12-30,11,6,9,5.0,91,1035
2018-12-31,9,7,8,8.0,87,1036
2019-01-01,10,6,8,6.0,80,1036
2019-01-02,6,2,4,8.0,74,1043
2019-01-03,5,1,3,7.0,75,1043
2019-01-04,3,-0,2,7.0,77,1042
2019-01-05,6,1,3,6.0,83,1039
2019-01-06,8,4,6,1.0,87,1036
2019-01-07,10,4,7,5.0,90,1032
2019-01-08,8,4,7,8.0,74,1028
2019-01-09,6,3,4,6.0,73,1029
2019-01-10,6,1,4,1.0,82,1030
2019-01-11,8,5,6,6.0,88,1030
2019-01-12,9,5,8,1.0,84,1023
2019-01-13,11,9,10,1.0,76,1014
2019-01-14,9,5,7,4.0,72,1020
2019-01-15,8,3,6,6.0,86,1019
2019-01-16,10,4,8,1.0,81,1006
2019-01-17,5,1,3,9.0,65,1011
2019-01-18,6,0,3,3.0,63,1016
2019-01-19,5,2,4,1.0,75,1010
2019-01-20,6,0,2,9.0,73,1017
2019-01-21,5,0,3,9.0,76,1021
2019-01-22,6,0,4,8.0,76,1002
2019-01-23,4,-1,1,9.0,77,1002
2019-01-24,5,-2,2,3.0,83,1011
2019-01-25,9,2,6,2.0,94,1014
2019-01-26,9,6,8,2.0,87,1002
2019-01-27,8,4,6,3.0,68,991
2019-01-28,6,0,3,9.0,63,1005
2019-01-29,6,-0,3,1.0,75,999
2019-01-30,5,-0,2,9.0,73,995
2019-01-31,4,-2,1,5.0,74,990
2019-02-01,3,1,2,1.0,88,987
2019-02-02,4,1,2,8.0,80,1006
2019-02-03,5,-2,2,9.0,73,1023
2019-02-04,9,5,7,1.0,90,1019
2019-02-05,8,4,6,3.0,91,1023
2019-02-06,11,8,9,9.0,88,1016
2019-02-07,10,7,8,9.0,66,1006
2019-02-08,11,8,10,1.0,79,1000
2019-02-09,10,7,8,9.0,64,1000
2019-02-10,8,4,7,3.0,76,997
2019-02-11,10,3,5,10.0,76,1023
2019-02-12,11,3,7,10.0,82,1033
2019-02-13,11,5,7,5.0,83,1033
2019-02-14,13,3,7,10.0,75,1032
2019-02-15,14,4,8,10.0,75,1027
2019-02-16,13,6,9,3.0,88,1022
2019-02-17,13,7,10,8.0,80,1016
2019-02-18,11,6,9,4.0,80,1015
2019-02-19,10,4,7,7.0,73,1018
2019-02-20,11,7,9,2.0,76,1020
2019-02-21,14,7,10,10.0,86,1026
2019-02-22,14,6,9,10.0,73,1034
2019-02-23,16,7,11,11.0,76,1034
2019-02-24,16,6,10,11.0,63,1035
2019-02-25,18,5,11,11.0,54,1036
2019-02-26,18,7,12,11.0,58,1032
2019-02-27,18,8,12,11.0,67,1025
2019-02-28,13,6,9,4.0,78,1016
2019-03-01,11,9,10,4.0,78,1018
2019-03-02,13,8,11,4.0,79,1010
2019-03-03,13,10,12,1.0,78,999
2019-03-04,10,5,8,7.0,64,994
2019-03-05,11,4,8,9.0,69,1002
2019-03-06,13,9,11,1.0,80,990
2019-03-07,11,6,9,8.0,66,993
2019-03-08,10,5,8,9.0,74,1010
2019-03-09,13,7,10,10.0,67,1012
2019-03-10,11,5,8,9.0,63,1009
2019-03-11,10,4,7,11.0,53,1022
2019-03-12,10,5,8,1.0,71,1007
2019-03-13,11,6,8,3.0,61,1008
2019-03-14,14,8,10,7.0,67,1006
2019-03-15,14,10,12,1.0,76,1007
2019-03-16,11,10,11,1.0,77,1002
2019-03-17,10,5,7,11.0,61,1005
2019-03-18,11,5,8,1.0,69,1020
2019-03-19,12,6,9,1.0,81,1027
2019-03-20,14,8,11,1.0,80,1032
2019-03-21,15,8,11,12.0,76,1033
2019-03-22,12,9,11,7.0,79,1029
2019-03-23,13,7,10,7.0,68,1031
2019-03-24,14,5,9,13.0,58,1030
2019-03-25,13,6,9,13.0,59,1032
2019-03-26,12,3,8,8.0,64,1034
2019-03-27,12,5,9,6.0,67,1035
2019-03-28,14,5,10,2.0,65,1035
2019-03-29,17,7,12,13.0,65,1029
2019-03-30,18,8,13,11.0,64,1021
2019-03-31,12,6,9,6.0,70,1024
2019-04-01,14,5,9,13.0,65,1020
2019-04-02,9,4,7,6.0,71,1004
2019-04-03,10,2,5,11.0,59,999
2019-04-04,10,2,7,4.0,66,996
2019-04-05,13,7,10,5.0,57,1002
2019-04-06,12,6,9,3.0,78,1006
2019-04-07,15,7,11,5.0,80,1008
2019-04-08,16,7,11,5.0,76,1011
2019-04-09,13,7,10,4.0,75,1014
2019-04-10,12,6,8,13.0,60,1020
2019-04-11,12,3,7,13.0,59,1026
2019-04-12,10,3,7,7.0,59,1027
2019-04-13,10,3,6,8.0,56,1027
2019-04-14,10,2,6,12.0,57,1025
2019-04-15,13,5,9,13.0,59,1020
2019-04-16,16,8,11,4.0,76,1015
2019-04-17,18,6,12,13.0,66,1020
2019-04-18,19,10,14,3.0,63,1023
2019-04-19,22,10,15,13.0,57,1028
2019-04-20,23,9,16,15.0,54,1029
2019-04-21,23,10,16,15.0,49,1020
2019-04-22,23,10,17,15.0,47,1006
2019-04-23,21,12,16,15.0,54,997
2019-04-24,18,10,13,8.0,67,995
2019-04-25,16,10,13,13.0,64,1000
2019-04-26,16,8,12,15.0,65,1009
2019-04-27,12,8,10,7.0,57,1010
2019-04-28,14,8,11,6.0,63,1020
2019-04-29,15,6,11,15.0,66,1026
2019-04-30,18,10,13,15.0,59,1025
2019-05-01,17,8,13,4.0,65,1018
2019-05-02,16,9,13,8.0,64,1014
2019-05-03,16,7,11,6.0,68,1015
2019-05-04,11,6,9,13.0,53,1019
2019-05-05,12,5,9,10.0,56,1025
2019-05-06,12,7,10,5.0,56,1022
2019-05-07,15,7,11,11.0,57,1014
2019-05-08,16,10,12,6.0,70,995
2019-05-09,16,8,12,12.0,71,998
2019-05-10,16,8,12,11.0,65,1009
2019-05-11,16,8,12,12.0,63,1020
2019-05-12,17,7,12,15.0,55,1036
2019-05-13,16,7,12,15.0,50,1039
2019-05-14,17,8,13,15.0,55,1034
2019-05-15,19,9,14,9.0,56,1027
2019-05-16,17,9,13,15.0,56,1019
2019-05-17,14,9,12,1.0,79,1009
2019-05-18,18,10,14,12.0,66,1007
2019-05-19,19,11,15,15.0,63,1010
2019-05-20,20,11,16,14.0,63,1013
2019-05-21,21,11,16,15.0,55,1018
2019-05-22,20,11,16,11.0,47,1020
2019-05-23,22,11,17,16.0,51,1017
2019-05-24,22,12,17,16.0,60,1017
2019-05-25,22,13,18,13.0,59,1018
2019-05-26,20,14,17,10.0,74,1014
2019-05-27,19,12,15,17.0,60,1010
2019-05-28,18,10,14,11.0,61,1012
2019-05-29,17,10,13,8.0,72,1019
2019-05-30,23,15,18,6.0,74,1021
2019-05-31,19,13,16,9.0,73,1024
2019-06-01,26,13,20,17.0,59,1019
2019-06-02,25,16,20,13.0,63,1010
2019-06-03,19,13,16,17.0,59,1012
2019-06-04,17,11,15,10.0,76,1006
2019-06-05,18,13,15,8.0,66,1006
2019-06-06,18,11,15,16.0,55,1010
2019-06-07,17,12,14,8.0,72,1002
2019-06-08,18,12,15,11.0,65,1011
2019-06-09,20,10,15,12.0,58,1020
2019-06-10,13,11,12,1.0,80,1014
2019-06-11,18,13,14,1.0,75,1012
2019-06-12,16,12,14,7.0,78,1010
2019-06-13,15,12,14,1.0,77,1006
2019-06-14,19,13,15,9.0,71,1010
2019-06-15,19,12,15,15.0,69,1013
2019-06-16,20,11,16,12.0,71,1017
2019-06-17,20,13,16,12.0,66,1018
2019-06-18,21,12,16,13.0,67,1014
2019-06-19,22,14,17,8.0,76,1008
2019-06-20,20,15,17,17.0,62,1013
2019-06-21,20,12,17,17.0,56,1019
2019-06-22,21,13,17,17.0,55,1021
2019-06-23,23,14,19,15.0,69,1017
2019-06-24,24,18,21,16.0,72,1016
2019-06-25,22,18,20,1.0,81,1019
2019-06-26,21,15,18,12.0,76,1027
2019-06-27,21,14,17,17.0,66,1028
2019-06-28,22,13,17,17.0,69,1024
2019-06-29,31,16,24,17.0,62,1015
2019-06-30,23,17,20,16.0,60,1016
2019-07-01,21,15,18,13.0,62,1020
2019-07-02,22,14,18,16.0,59,1025
2019-07-03,21,14,18,15.0,59,1026
2019-07-04,26,14,20,17.0,52,1025
2019-07-05,26,16,21,17.0,54,1018
2019-07-06,24,16,20,8.0,68,1014
2019-07-07,19,15,17,1.0,65,1017
2019-07-08,21,14,18,8.0,56,1021
2019-07-09,22,16,18,1.0,66,1021
2019-07-10,25,17,21,13.0,65,1018
2019-07-11,26,17,21,16.0,57,1013
2019-07-12,24,17,20,17.0,61,1015
2019-07-13,23,15,19,11.0,67,1021
2019-07-14,22,16,18,14.0,64,1023
2019-07-15,21,14,17,10.0,66,1022
2019-07-16,26,14,20,16.0,55,1019
2019-07-17,25,16,21,15.0,56,1014
2019-07-18,23,16,19,9.0,67,1010
2019-07-19,19,15,18,1.0,77,1011
2019-07-20,23,18,20,11.0,70,1009
2019-07-21,22,15,19,12.0,65,1020
2019-07-22,26,16,22,16.0,69,1022
2019-07-23,32,18,25,16.0,55,1017
2019-07-24,30,22,26,15.0,52,1012
2019-07-25,36,22,29,15.0,45,1010
2019-07-26,26,20,24,11.0,59,1010
2019-07-27,20,17,19,1.0,76,1006
2019-07-28,21,16,18,6.0,69,1006
2019-07-29,25,15,20,15.0,56,1009
2019-07-30,21,17,19,1.0,70,1006
2019-07-31,22,16,19,8.0,64,1012
2019-08-01,24,16,20,13.0,66,1017
2019-08-02,24,16,20,15.0,63,1019
2019-08-03,25,16,20,15.0,63,1019
2019-08-04,24,16,21,15.0,65,1013
2019-08-05,25,16,20,10.0,64,1010
2019-08-06,23,16,20,10.0,63,1008
2019-08-07,23,16,19,13.0,63,1007
2019-08-08,24,15,20,14.0,64,1009
2019-08-09,24,19,21,10.0,65,1001
2019-08-10,22,17,19,3.0,63,1005
2019-08-11,22,16,19,13.0,62,1011
2019-08-12,20,14,17,11.0,59,1014
2019-08-13,21,13,17,15.0,55,1017
2019-08-14,18,14,16,1.0,82,1012
2019-08-15,22,16,19,10.0,64,1012
2019-08-16,19,14,17,1.0,76,1011
2019-08-17,23,17,19,15.0,66,1005
2019-08-18,21,15,18,11.0,63,1005
2019-08-19,21,14,17,12.0,61,1014
2019-08-20,21,13,17,15.0,57,1023
2019-08-21,22,13,17,15.0,62,1026
2019-08-22,24,14,19,15.0,61,1024
2019-08-23,26,16,21,15.0,59,1024
2019-08-24,29,15,22,13.0,47,1019
2019-08-25,32,17,24,14.0,45,1018
2019-08-26,32,20,25,14.0,43,1017
2019-08-27,32,20,25,13.0,47,1014
2019-08-28,25,18,21,12.0,62,1014
2019-08-29,23,15,19,13.0,57,1019
2019-08-30,24,15,19,13.0,63,1020
2019-08-31,24,15,19,13.0,62,1012
2019-09-01,19,13,17,11.0,52,1018
2019-09-02,21,11,17,9.0,58,1023
2019-09-03,21,15,18,8.0,64,1022
2019-09-04,20,15,17,10.0,62,1015
2019-09-05,18,13,15,13.0,55,1024
2019-09-06,18,11,15,4.0,70,1022
2019-09-07,18,11,15,10.0,61,1023
2019-09-08,20,10,15,13.0,53,1023
2019-09-09,15,12,14,3.0,72,1014
2019-09-10,20,11,15,10.0,68,1018
2019-09-11,21,14,17,3.0,72,1020
2019-09-12,22,15,19,4.0,75,1027
2019-09-13,21,15,18,9.0,57,1033
2019-09-14,25,13,18,13.0,43,1032
2019-09-15,25,13,19,13.0,59,1024
2019-09-16,19,16,17,1.0,76,1022
2019-09-17,20,12,15,13.0,59,1025
2019-09-18,20,9,14,13.0,54,1029
2019-09-19,22,11,16,13.0,60,1031
2019-09-20,20,12,16,13.0,60,1025
2019-09-21,24,13,19,13.0,50,1012
2019-09-22,21,16,19,7.0,73,1004
2019-09-23,19,14,17,9.0,74,1010
2019-09-24,20,16,17,7.0,78,1002
2019-09-25,20,15,17,4.0,77,1000
2019-09-26,20,15,18,8.0,72,1003
2019-09-27,18,14,16,5.0,69,1004
2019-09-28,18,13,16,1.0,70,1008
2019-09-29,19,14,17,1.0,79,998
2019-09-30,18,11,15,6.0,77,1008
2019-10-01,20,12,16,7.0,74,1000
2019-10-02,15,9,11,11.0,58,1017
2019-10-03,15,8,11,8.0,63,1018
2019-10-04,15,11,14,4.0,78,1006
2019-10-05,16,10,13,1.0,77,1014
2019-10-06,16,13,14,9.0,75,1010
2019-10-07,15,11,13,5.0,82,1014
2019-10-08,17,12,14,10.0,69,1007
2019-10-09,15,11,13,8.0,68,1005
2019-10-10,16,10,13,9.0,71,1011
2019-10-11,16,14,16,1.0,80,1007
2019-10-12,14,11,13,3.0,84,1007
2019-10-13,16,11,14,4.0,82,1004
2019-10-14,16,11,13,1.0,86,1006
2019-10-15,17,12,14,8.0,78,1004
2019-10-16,16,11,14,3.0,74,1003
2019-10-17,14,9,12,9.0,71,1005
2019-10-18,15,11,13,9.0,68,1000
2019-10-19,15,9,12,10.0,71,1001
2019-10-20,12,7,10,10.0,78,1010
2019-10-21,13,11,12,1.0,79,1018
2019-10-22,15,7,11,10.0,70,1023
2019-10-23,14,7,11,1.0,83,1013
2019-10-24,13,10,12,2.0,88,1005
2019-10-25,16,10,13,1.0,81,1011
2019-10-26,16,9,14,1.0,76,1008
2019-10-27,12,6,9,8.0,64,1023
2019-10-28,11,4,8,7.0,72,1024
2019-10-29,12,7,10,9.0,67,1025
2019-10-30,11,9,10,5.0,66,1024
2019-10-31,12,8,10,10.0,70,1019
2019-11-01,15,10,13,1.0,92,999
2019-11-02,15,10,12,2.0,71,981
2019-11-03,13,8,10,9.0,74,981
2019-11-04,13,8,10,6.0,78,984
2019-11-05,12,8,10,1.0,85,996
2019-11-06,10,6,8,6.0,73,1003
2019-11-07,10,6,9,7.0,75,993
2019-11-08,9,4,7,3.0,78,1006
2019-11-09,8,3,5,4.0,79,1007
2019-11-10,11,6,8,7.0,72,1011
2019-11-11,9,6,8,2.0,74,1002
2019-11-12,8,4,6,5.0,73,999
2019-11-13,9,4,7,4.0,78,998
2019-11-14,9,5,7,9.0,76,995
2019-11-15,8,4,6,1.0,77,1003
2019-11-16,9,5,7,7.0,72,1006
2019-11-17,8,3,5,1.0,78,1012
2019-11-18,8,0,5,9.0,78,1014
2019-11-19,7,2,4,7.0,70,1014
2019-11-20,7,5,6,9.0,72,1013
2019-11-21,8,5,6,1.0,84,1003
2019-11-22,10,7,9,1.0,80,997
2019-11-23,10,7,9,1.0,83,994
2019-11-24,11,8,10,3.0,89,1003
2019-11-25,12,10,10,1.0,90,1002
2019-11-26,13,9,11,1.0,89,995
2019-11-27,12,9,11,4.0,86,984
2019-11-28,10,8,9,1.0,81,995
2019-11-29,9,4,6,8.0,73,1015
2019-11-30,9,2,5,8.0,77,1021
2019-12-01,8,4,5,5.0,72,1023
2019-12-02,7,1,3,8.0,77,1031
2019-12-03,7,2,4,8.0,86,1027
2019-12-04,7,3,5,8.0,85,1021
2019-12-05,8,2,5,8.0,84,1019
2019-12-06,12,8,11,1.0,83,1007
2019-12-07,10,6,8,8.0,83,1012
2019-12-08,12,7,10,8.0,71,999
2019-12-09,9,4,7,8.0,67,1009
2019-12-10,12,2,8,1.0,80,1014
2019-12-11,9,4,6,8.0,74,1005
2019-12-12,9,2,6,1.0,84,989
2019-12-13,8,6,7,2.0,73,979
2019-12-14,8,6,7,8.0,68,989
2019-12-15,9,5,8,8.0,69,995
2019-12-16,9,7,8,2.0,83,1000
2019-12-17,8,5,7,2.0,87,1000
2019-12-18,10,4,7,7.0,85,1008
2019-12-19,12,10,11,1.0,83,996
2019-12-20,10,6,9,5.0,85,981
2019-12-21,10,6,9,6.0,83,979
2019-12-22,9,8,8,6.0,81,984
2019-12-23,9,6,8,7.0,79,1007
2019-12-24,11,8,9,3.0,81,1008
2019-12-25,8,3,6,7.0,81,1023
2019-12-26,10,3,7,1.0,84,1017
2019-12-27,9,7,8,7.0,86,1028
2019-12-28,9,6,8,7.0,90,1036
2019-12-29,9,5,7,7.0,85,1033
2019-12-30,11,5,7,7.0,85,1029
2019-12-31,9,5,7,1.0,90,1031
2020-01-01,8,6,7,8.0,81,1030
2020-01-02,10,5,8,1.0,87,1020
2020-01-03,11,5,8,4.0,72,1023
2020-01-04,8,4,5,8.0,80,1034
2020-01-05,8,4,6,3.0,77,1033
2020-01-06,8,4,7,6.0,82,1022
2020-01-07,11,4,7,8.0,86,1023
2020-01-08,12,9,11,1.0,87,1019
2020-01-09,13,8,11,1.0,82,1007
2020-01-10,9,3,7,8.0,75,1022
2020-01-11,10,6,8,1.0,77,1024
2020-01-12,11,7,10,5.0,74,1017
2020-01-13,9,5,7,1.0,76,1007
2020-01-14,12,7,9,2.0,77,996
2020-01-15,13,7,9,6.0,72,1006
2020-01-16,11,7,9,6.0,78,1013
2020-01-17,10,-0,7,1.0,77,1012
2020-01-18,8,2,5,9.0,69,1028
2020-01-19,8,2,4,9.0,71,1043
2020-01-20,7,1,3,9.0,62,1046
2020-01-21,6,-2,2,7.0,76,1042
2020-01-22,8,2,5,4.0,93,1037
2020-01-23,7,4,6,3.0,94,1031
2020-01-24,9,6,7,4.0,84,1023
2020-01-25,8,5,6,9.0,86,1017
2020-01-26,9,4,7,1.0,87,1009
2020-01-27,8,6,7,1.0,83,1000
2020-01-28,7,4,5,6.0,66,997
2020-01-29,8,3,5,9.0,69,1010
2020-01-30,11,6,8,1.0,92,1005
2020-01-31,12,8,10,1.0,85,1006
2020-02-01,11,7,9,2.0,73,1005
2020-02-02,12,7,10,1.0,81,1008
2020-02-03,10,6,8,3.0,65,1014
2020-02-04,9,5,7,6.0,64,1022
2020-02-05,9,3,6,9.0,72,1036
2020-02-06,10,3,5,9.0,76,1030
2020-02-07,8,3,5,9.0,76,1019
2020-02-08,10,7,9,5.0,71,1015
2020-02-09,14,9,11,1.0,75,997
2020-02-10,9,5,7,4.0,61,998
2020-02-11,7,4,5,10.0,48,1009
2020-02-12,8,3,5,7.0,63,1014
2020-02-13,9,6,7,4.0,77,998
2020-02-14,10,4,7,5.0,83,1016
2020-02-15,14,11,12,1.0,82,1008
2020-02-16,14,7,11,1.0,69,997
2020-02-17,10,6,8,8.0,58,1011
2020-02-18,9,5,6,3.0,67,1019
2020-02-19,7,3,5,1.0,71,1019
2020-02-20,10,1,7,1.0,71,1012
2020-02-21,10,4,7,4.0,68,1023
2020-02-22,12,8,10,1.0,67,1019
2020-02-23,14,7,10,1.0,71,1018
2020-02-24,11,7,9,1.0,76,1011
2020-02-25,8,3,6,8.0,62,1001
2020-02-26,7,2,4,7.0,60,1004
2020-02-27,6,3,4,2.0,80,1006
2020-02-28,10,1,6,1.0,82,1004
2020-02-29,11,5,8,3.0,61,986
2020-03-01,9,5,6,9.0,58,988
2020-03-02,8,4,6,7.0,63,989
2020-03-03,9,3,6,7.0,60,1003
2020-03-04,8,2,5,4.0,74,1006
2020-03-05,7,5,6,1.0,88,992
2020-03-06,8,2,5,5.0,70,1004
2020-03-07,11,2,7,4.0,75,1015
2020-03-08,12,7,9,4.0,68,1006
2020-03-09,10,5,8,1.0,69,1012
2020-03-10,14,10,13,1.0,82,1006
2020-03-11,13,9,11,1.0,66,1009
2020-03-12,10,5,7,7.0,56,1010
2020-03-13,10,6,8,5.0,62,1018
2020-03-14,12,6,9,1.0,76,1014
2020-03-15,10,6,9,4.0,74,1007
2020-03-16,13,4,8,12.0,56,1021
2020-03-17,13,5,9,12.0,62,1027
2020-03-18,14,8,11,5.0,78,1024
2020-03-19,10,6,8,1.0,84,1025
2020-03-20,9,5,6,3.0,72,1028
2020-03-21,10,5,7,12.0,59,1028
2020-03-22,8,4,6,13.0,53,1027
2020-03-23,11,3,7,13.0,44,1028
2020-03-24,13,2,7,13.0,47,1026
2020-03-25,13,3,7,13.0,46,1025
2020-03-26,11,2,6,12.0,54,1023
2020-03-27,13,4,8,13.0,63,1023
2020-03-28,12,5,8,11.0,62,1029
2020-03-29,8,3,5,5.0,53,1038
2020-03-30,9,2,5,1.0,71,1034
2020-03-31,10,4,7,13.0,58,1031
2020-04-01,10,2,7,8.0,54,1024
2020-04-02,12,5,8,4.0,67,1017
2020-04-03,10,6,8,13.0,57,1019
2020-04-04,14,4,9,13.0,63,1020
2020-04-05,18,8,13,13.0,63,1013
2020-04-06,17,10,14,10.0,64,1018
2020-04-07,19,7,13,13.0,56,1030
2020-04-08,21,9,15,11.0,61,1024
2020-04-09,19,9,14,13.0,66,1026
2020-04-10,21,10,15,12.0,61,1025
2020-04-11,23,10,17,12.0,55,1022
2020-04-12,21,11,16,9.0,61,1014
2020-04-13,12,5,9,13.0,58,1026
2020-04-14,13,4,8,13.0,54,1029
2020-04-15,16,5,10,13.0,50,1023
2020-04-16,21,8,14,13.0,56,1017
2020-04-17,14,8,11,4.0,76,1016
2020-04-18,14,8,10,1.0,74,1017
2020-04-19,17,7,12,14.0,68,1019
2020-04-20,14,8,12,15.0,55,1018
2020-04-21,15,9,12,15.0,54,1017
2020-04-22,17,10,13,15.0,59,1021
2020-04-23,20,10,15,12.0,60,1020
2020-04-24,19,8,14,15.0,56,1016
2020-04-25,17,8,12,15.0,52,1014
2020-04-26,19,9,14,15.0,53,1011
2020-04-27,18,10,14,1.0,64,1007
2020-04-28,11,9,10,1.0,83,1006
2020-04-29,13,7,10,3.0,71,1002
2020-04-30,13,7,10,2.0,64,996
2020-05-01,15,8,11,3.0,63,1000
2020-05-02,16,8,12,15.0,59,1010
2020-05-03,14,9,11,3.0,70,1015
2020-05-04,18,9,13,7.0,60,1020
2020-05-05,15,7,11,15.0,56,1022
2020-05-06,18,6,12,15.0,58,1025
2020-05-07,19,9,15,11.0,60,1023
2020-05-08,23,11,17,8.0,58,1018
2020-05-09,22,12,17,15.0,51,1013
2020-05-10,17,7,12,5.0,60,1010
2020-05-11,12,6,8,11.0,48,1019
2020-05-12,14,5,10,11.0,52,1022
2020-05-13,13,6,9,5.0,58,1018
2020-05-14,13,4,9,13.0,53,1021
2020-05-15,16,6,12,13.0,54,1024
2020-05-16,17,8,13,15.0,53,1025
2020-05-17,20,9,14,15.0,58,1021
2020-05-18,22,10,16,15.0,49,1024
2020-05-19,24,12,18,15.0,61,1023
2020-05-20,26,14,20,15.0,58,1022
2020-05-21,27,15,20,6.0,56,1020
2020-05-22,19,14,17,11.0,56,1017
2020-05-23,18,12,15,12.0,54,1023
2020-05-24,21,11,16,15.0,60,1031
2020-05-25,24,12,19,17.0,51,1035
2020-05-26,24,14,19,12.0,52,1036
2020-05-27,22,14,18,16.0,61,1036
2020-05-28,21,13,16,17.0,46,1034
2020-05-29,20,12,16,17.0,47,1029
2020-05-30,22,11,17,17.0,55,1024
2020-05-31,21,14,18,17.0,53,1024
2020-06-01,22,13,18,17.0,58,1023
2020-06-02,24,12,19,15.0,56,1020
2020-06-03,19,13,16,13.0,60,1008
2020-06-04,15,9,12,2.0,70,1003
2020-06-05,17,10,13,7.0,55,997
2020-06-06,14,8,10,6.0,61,998
2020-06-07,18,9,14,9.0,65,1008
2020-06-08,17,10,13,12.0,60,1018
2020-06-09,17,11,14,6.0,54,1020
2020-06-10,17,13,15,13.0,61,1016
2020-06-11,19,12,15,1.0,76,1012
2020-06-12,20,14,17,1.0,77,1006
2020-06-13,23,14,19,16.0,61,1010
2020-06-14,22,14,18,11.0,66,1013
2020-06-15,23,14,19,5.0,61,1015
2020-06-16,23,14,19,7.0,57,1014
2020-06-17,22,15,19,12.0,60,1012
2020-06-18,21,15,18,11.0,63,1011
2020-06-19,19,12,15,11.0,70,1014
2020-06-20,21,13,18,17.0,63,1019
2020-06-21,21,14,18,5.0,63,1017
2020-06-22,21,12,17,17.0,57,1025
2020-06-23,27,14,21,17.0,53,1024
2020-06-24,29,18,24,17.0,53,1021
2020-06-25,29,20,25,17.0,52,1016
2020-06-26,26,18,22,11.0,60,1009
2020-06-27,21,15,18,5.0,61,1006
2020-06-28,19,13,16,11.0,60,1009
2020-06-29,18,12,15,2.0,62,1010
2020-06-30,19,13,16,3.0,71,1007
2020-07-01,20,14,17,12.0,66,1005
2020-07-02,22,13,17,11.0,65,1010
2020-07-03,21,13,17,9.0,68,1016
2020-07-04,18,15,17,1.0,84,1012
2020-07-05,20,14,18,9.0,61,1011
2020-07-06,20,13,16,10.0,54,1019
2020-07-07,20,13,16,12.0,56,1019
2020-07-08,18,12,16,1.0,82,1015
2020-07-09,21,16,18,1.0,80,1012
2020-07-10,19,14,16,10.0,60,1017
2020-07-11,20,12,17,17.0,56,1025
2020-07-12,23,14,19,17.0,47,1028
2020-07-13,22,14,19,6.0,55,1023
2020-07-14,20,17,18,2.0,63,1017
2020-07-15,19,15,17,1.0,67,1017
2020-07-16,21,16,19,2.0,68,1020
2020-07-17,27,17,21,16.0,61,1020
2020-07-18,25,15,20,14.0,63,1018
2020-07-19,20,14,17,6.0,63,1018
2020-07-20,22,13,17,15.0,55,1023
2020-07-21,22,12,17,16.0,48,1026
2020-07-22,23,14,19,12.0,53,1024
2020-07-23,21,14,17,13.0,56,1016
2020-07-24,24,17,20,6.0,64,1013
2020-07-25,21,16,19,4.0,72,1008
2020-07-26,22,14,18,11.0,65,1010
2020-07-27,20,15,18,2.0,69,1009
2020-07-28,21,15,17,15.0,57,1014
2020-07-29,23,12,18,15.0,56,1020
2020-07-30,27,15,21,15.0,48,1020
2020-07-31,32,19,25,15.0,50,1012
2020-08-01,25,18,21,10.0,60,1014
2020-08-02,22,15,18,14.0,55,1016
2020-08-03,22,15,19,11.0,52,1016
2020-08-04,23,15,19,15.0,51,1016
2020-08-05,25,16,20,14.0,56,1014
2020-08-06,27,18,23,14.0,53,1017
2020-08-07,34,19,27,15.0,41,1017
2020-08-08,33,22,26,12.0,45,1018
2020-08-09,32,19,25,13.0,57,1015
2020-08-10,34,22,27,15.0,56,1013
2020-08-11,34,22,28,13.0,54,1014
2020-08-12,32,23,27,11.0,56,1012
2020-08-13,29,22,24,10.0,61,1011
2020-08-14,25,17,20,1.0,76,1013
2020-08-15,24,19,21,1.0,77,1013
2020-08-16,26,19,22,8.0,64,1010
2020-08-17,21,17,19,2.0,68,1007
2020-08-18,23,16,20,8.0,65,1009
2020-08-19,19,15,18,2.0,83,1004
2020-08-20,24,18,21,14.0,61,1002
2020-08-21,22,18,20,9.0,62,1005
2020-08-22,22,17,19,13.0,61,1011
2020-08-23,21,16,18,2.0,67,1015
2020-08-24,20,15,16,7.0,76,1014
2020-08-25,20,17,18,1.0,72,1004
2020-08-26,20,16,18,6.0,61,1011
2020-08-27,19,15,17,6.0,68,1012
2020-08-28,19,13,16,8.0,68,1001
2020-08-29,17,12,14,2.0,66,1009
2020-08-30,16,13,14,6.0,64,1016
2020-08-31,18,12,15,13.0,53,1021
2020-09-01,19,13,16,12.0,47,1020
2020-09-02,21,13,17,11.0,53,1020
2020-09-03,20,16,18,1.0,75,1017
2020-09-04,20,13,16,7.0,65,1020
2020-09-05,17,11,15,4.0,63,1021
2020-09-06,20,10,15,13.0,59,1020
2020-09-07,20,12,16,13.0,62,1023
2020-09-08,24,16,19,7.0,75,1024
2020-09-09,22,16,19,1.0,72,1022
2020-09-10,21,12,16,13.0,52,1022
2020-09-11,20,11,16,13.0,59,1016
2020-09-12,20,13,16,12.0,63,1018
2020-09-13,25,15,19,13.0,65,1023
2020-09-14,28,15,21,13.0,53,1020
2020-09-15,29,18,23,13.0,53,1018
2020-09-16,23,16,20,10.0,63,1022
2020-09-17,21,14,17,13.0,60,1027
2020-09-18,20,13,16,13.0,59,1023
2020-09-19,20,14,17,9.0,63,1017
2020-09-20,23,15,18,9.0,61,1018
2020-09-21,24,13,18,12.0,56,1016
2020-09-22,24,15,19,12.0,61,1009
2020-09-23,18,12,16,8.0,71,1001
2020-09-24,15,10,12,1.0,56,996
2020-09-25,14,9,11,6.0,57,1005
2020-09-26,12,8,10,6.0,58,1011
2020-09-27,14,11,13,1.0,69,1013
2020-09-28,18,11,14,11.0,60,1013
2020-09-29,18,13,15,2.0,66,1014
2020-09-30,18,11,15,1.0,76,1006
2020-10-01,16,12,13,7.0,65,997
2020-10-02,15,10,13,1.0,69,993
2020-10-03,16,12,14,3.0,79,986
2020-10-04,12,8,11,1.0,74,983
2020-10-05,15,10,13,5.0,73,993
2020-10-06,15,12,13,1.0,71,998
2020-10-07,15,11,13,11.0,69,1012
2020-10-08,17,11,15,4.0,75,1012
2020-10-09,14,8,11,6.0,68,1019
2020-10-10,13,7,10,6.0,68,1021
2020-10-11,14,8,11,7.0,67,1024
2020-10-12,14,8,11,4.0,71,1019
2020-10-13,11,8,9,1.0,77,1010
2020-10-14,15,9,12,10.0,67,1019
2020-10-15,13,9,11,1.0,63,1023
2020-10-16,12,7,10,4.0,69,1024
2020-10-17,12,10,11,3.0,66,1022
2020-10-18,13,10,11,6.0,61,1024
2020-10-19,14,8,11,6.0,66,1015
2020-10-20,18,13,15,8.0,75,1003
2020-10-21,16,14,15,2.0,81,999
2020-10-22,16,11,14,8.0,74,1008
2020-10-23,16,9,13,4.0,76,1009
2020-10-24,15,9,12,1.0,72,1007
2020-10-25,14,10,12,7.0,65,997
2020-10-26,13,8,10,5.0,69,998
2020-10-27,14,8,10,1.0,77,999
2020-10-28,13,10,11,6.0,66,1004
2020-10-29,14,9,12,1.0,78,1013
2020-10-30,17,14,15,4.0,77,1016
2020-10-31,16,11,14,1.0,72,1010
2020-11-01,15,11,13,1.0,76,1005
2020-11-02,18,10,15,2.0,62,1004
2020-11-03,10,6,8,7.0,64,1019
2020-11-04,11,5,8,9.0,70,1033
2020-11-05,10,5,7,9.0,71,1037
2020-11-06,13,5,8,9.0,65,1029
2020-11-07,14,6,10,9.0,86,1021
2020-11-08,14,9,11,4.0,91,1019
2020-11-09,15,12,13,3.0,88,1019
2020-11-10,16,10,12,4.0,86,1022
2020-11-11,14,9,11,1.0,83,1018
2020-11-12,12,10,11,9.0,72,1013
2020-11-13,14,10,12,1.0,72,1014
2020-11-14,15,10,13,1.0,80,1007
2020-11-15,14,9,12,4.0,68,997
2020-11-16,11,9,10,8.0,72,1012
2020-11-17,14,12,12,3.0,78,1021
2020-11-18,15,9,12,4.0,76,1016
2020-11-19,10,5,8,6.0,62,1025
2020-11-20,9,3,6,1.0,71,1033
2020-11-21,12,10,11,3.0,76,1027
2020-11-22,11,6,10,9.0,70,1026
2020-11-23,11,5,8,3.0,82,1025
2020-11-24,12,10,11,8.0,82,1017
2020-11-25,12,8,11,1.0,90,1013
2020-11-26,10,6,7,4.0,74,1020
2020-11-27,8,3,5,3.0,86,1019
2020-11-28,11,7,9,8.0,84,1019
2020-11-29,9,6,8,8.0,88,1025
2020-11-30,10,7,8,1.0,87,1024
2020-12-01,7,4,6,8.0,72,1024
2020-12-02,7,2,4,2.0,76,1018
2020-12-03,6,5,5,1.0,82,994
2020-12-04,5,1,4,1.0,76,979
2020-12-05,6,4,5,6.0,76,991
2020-12-06,6,3,4,1.0,79,1001
2020-12-07,5,3,4,8.0,82,1000
2020-12-08,6,2,4,8.0,82,1003
2020-12-09,6,5,5,8.0,79,1005
2020-12-10,7,6,7,1.0,83,999
2020-12-11,10,6,8,2.0,92,988
2020-12-12,8,4,7,2.0,85,998
2020-12-13,10,3,6,1.0,85,1004
2020-12-14,12,9,11,5.0,77,999
2020-12-15,10,8,9,7.0,83,1005
2020-12-16,11,5,8,2.0,80,1007
2020-12-17,10,6,8,7.0,80,1014
2020-12-18,12,7,10,1.0,82,1010
2020-12-19,12,9,11,6.0,74,1005
2020-12-20,10,7,9,7.0,74,1013
2020-12-21,14,7,11,1.0,86,1007
2020-12-22,14,10,11,2.0,87,1010
2020-12-23,12,8,11,1.0,88,1005
2020-12-24,7,0,4,5.0,69,1020
2020-12-25,4,1,2,7.0,71,1031
2020-12-26,8,2,5,1.0,82,1016
2020-12-27,10,2,6,7.0,71,978
2020-12-28,5,-0,2,2.0,75,969
2020-12-29,5,1,3,2.0,82,988
2020-12-30,4,-2,2,2.0,79,1002
2020-12-31,3,-1,1,8.0,72,1002
2021-01-01,3,-1,1,4.0,86,1012
2021-01-02,4,0,3,1.0,85,1017
2021-01-03,5,0,3,4.0,84,1018
2021-01-04,4,2,3,1.0,80,1020
2021-01-05,3,1,3,1.0,91,1021
2021-01-06,4,0,3,6.0,83,1020
2021-01-07,3,-1,1,8.0,81,1018
2021-01-08,3,-1,1,1.0,89,1018
2021-01-09,6,1,2,8.0,81,1027
2021-01-10,4,-1,1,8.0,86,1026
2021-01-11,6,2,4,2.0,89,1018
2021-01-12,9,1,6,1.0,88,1014
2021-01-13,8,1,5,1.0,93,1018
2021-01-14,8,3,5,1.0,90,1018
2021-01-15,4,1,2,2.0,72,1028
2021-01-16,7,2,5,1.0,88,1020
2021-01-17,6,4,5,9.0,81,1024
2021-01-18,7,2,5,1.0,85,1020
2021-01-19,11,8,10,1.0,84,1003
2021-01-20,11,5,9,1.0,81,988
2021-01-21,8,5,6,7.0,64,983
2021-01-22,7,2,4,9.0,73,991
2021-01-23,4,-1,2,2.0,74,996
2021-01-24,3,-2,0,1.0,76,996
2021-01-25,5,-1,2,9.0,69,1009
2021-01-26,5,-1,2,4.0,83,1018
2021-01-27,9,6,7,4.0,95,1012
2021-01-28,12,8,10,1.0,91,1004
2021-01-29,11,7,9,3.0,81,999
2021-01-30,7,-0,4,1.0,84,998
2021-01-31,5,2,3,3.0,65,1001
2021-02-01,6,4,5,1.0,84,997
2021-02-02,12,4,9,3.0,84,996
2021-02-03,9,6,7,1.0,85,997
2021-02-04,8,4,6,1.0,92,1008
2021-02-05,11,5,7,7.0,86,1008
2021-02-06,7,3,5,1.0,92,1005
2021-02-07,5,-2,0,1.0,80,1003
2021-02-08,-1,-2,-2,1.0,78,1003
2021-02-09,1,-2,-1,1.0,83,1006
2021-02-10,1,-5,-1,10.0,69,1016
2021-02-11,-1,-4,-2,9.0,71,1026
2021-02-12,0,-3,-1,4.0,65,1029
2021-02-13,-1,-4,-2,5.0,59,1033
2021-02-14,3,-0,1,1.0,68,1026
2021-02-15,11,5,8,1.0,91,1019
2021-02-16,11,7,9,1.0,85,1011
2021-02-17,10,7,9,1.0,84,1010
2021-02-18,10,5,8,1.0,76,1004
2021-02-19,9,5,7,2.0,79,1008
2021-02-20,15,10,12,8.0,72,1004
2021-02-21,14,9,11,7.0,77,1008
2021-02-22,13,8,10,5.0,77,1014
2021-02-23,12,7,10,8.0,71,1023
2021-02-24,14,11,12,11.0,68,1023
2021-02-25,11,7,10,1.0,73,1026
2021-02-26,13,4,8,11.0,59,1037
2021-02-27,13,4,8,11.0,64,1040
2021-02-28,10,4,7,11.0,71,1037
2021-03-01,10,5,7,11.0,74,1031
2021-03-02,12,3,7,11.0,73,1029
2021-03-03,13,4,8,6.0,80,1026
2021-03-04,8,1,5,1.0,77,1025
2021-03-05,6,3,4,3.0,56,1032
2021-03-06,7,0,4,10.0,60,1034
2021-03-07,8,2,5,11.0,58,1028
2021-03-08,10,1,5,4.0,64,1024
2021-03-09,11,2,6,11.0,68,1020
2021-03-10,9,5,7,1.0,83,1011
2021-03-11,12,6,9,1.0,61,999
2021-03-12,10,5,7,1.0,62,1003
2021-03-13,9,5,7,7.0,60,996
2021-03-14,11,5,8,2.0,66,1012
2021-03-15,11,8,9,4.0,65,1019
2021-03-16,11,6,8,1.0,83,1028
2021-03-17,9,4,7,4.0,69,1033
2021-03-18,9,4,7,1.0,77,1028
2021-03-19,11,5,8,12.0,64,1028
2021-03-20,11,4,8,8.0,69,1031
2021-03-21,12,7,9,4.0,72,1028
2021-03-22,12,6,9,13.0,66,1026
2021-03-23,12,5,8,7.0,70,1023
2021-03-24,12,6,9,2.0,72,1019
2021-03-25,13,4,9,9.0,65,1017
2021-03-26,11,6,8,6.0,61,1009
2021-03-27,11,4,8,8.0,64,1020
2021-03-28,13,8,10,4.0,71,1018
2021-03-29,18,9,12,13.0,60,1027
2021-03-30,21,7,14,13.0,57,1029
2021-03-31,21,8,15,13.0,64,1020
2021-04-01,15,6,11,6.0,72,1025
2021-04-02,11,4,7,13.0,62,1030
2021-04-03,11,5,8,13.0,66,1031
2021-04-04,15,4,9,13.0,60,1023
2021-04-05,8,2,5,8.0,54,1016
2021-04-06,5,1,3,9.0,43,1021
2021-04-07,8,-1,4,13.0,47,1025
2021-04-08,10,1,6,12.0,65,1020
2021-04-09,12,4,8,9.0,67,1013
2021-04-10,7,3,5,3.0,74,1014
2021-04-11,8,1,4,6.0,65,1019
2021-04-12,9,-0,5,2.0,67,1028
2021-04-13,12,1,7,12.0,64,1034
2021-04-14,12,3,8,13.0,57,1033
2021-04-15,10,2,6,5.0,64,1032
2021-04-16,11,1,7,13.0,62,1032
2021-04-17,14,2,8,14.0,56,1028
2021-04-18,14,3,9,13.0,58,1025
2021-04-19,14,4,9,10.0,65,1021
2021-04-20,14,7,10,14.0,67,1019
2021-04-21,12,6,9,5.0,68,1023
2021-04-22,14,4,8,15.0,59,1027
2021-04-23,15,4,9,15.0,58,1031
2021-04-24,13,5,9,5.0,64,1028
2021-04-25,13,4,8,15.0,66,1027
2021-04-26,13,4,8,12.0,62,1022
2021-04-27,15,4,9,11.0,65,1011
2021-04-28,12,5,8,2.0,74,1009
2021-04-29,12,5,8,12.0,60,1013
2021-04-30,12,3,8,9.0,62,1015
2021-05-01,14,3,9,11.0,66,1015
2021-05-02,14,4,9,10.0,65,1020
2021-05-03,12,5,8,2.0,78,1012
2021-05-04,12,5,8,6.0,72,1001
2021-05-05,12,4,7,2.0,69,1009
2021-05-06,12,3,8,10.0,56,1008
2021-05-07,14,5,10,14.0,56,1013
2021-05-08,13,6,10,4.0,86,1006
2021-05-09,19,12,15,14.0,69,997
2021-05-10,16,10,13,10.0,67,1002
2021-05-11,15,7,12,6.0,70,1007
2021-05-12,15,9,12,9.0,68,1010
2021-05-13,14,10,12,3.0,76,1008
2021-05-14,13,7,10,1.0,79,1009
2021-05-15,13,9,10,6.0,88,1001
2021-05-16,13,7,10,1.0,91,998
2021-05-17,16,8,11,1.0,84,1003
2021-05-18,16,7,11,7.0,74,1015
2021-05-19,16,8,11,8.0,81,1018
2021-05-20,14,6,10,10.0,78,1021
2021-05-21,12,9,10,1.0,81,999
2021-05-22,13,7,10,1.0,84,1005
2021-05-23,11,5,9,4.0,87,1007
2021-05-24,13,7,10,4.0,84,1004
2021-05-25,14,6,10,5.0,80,1012
2021-05-26,15,7,11,13.0,80,1014
2021-05-27,20,10,15,12.0,68,1021
2021-05-28,19,10,15,11.0,69,1024
2021-05-29,21,11,16,16.0,64,1027
2021-05-30,19,9,14,17.0,60,1028
2021-05-31,21,9,16,17.0,68,1022
2021-06-01,23,12,18,15.0,60,1017
2021-06-02,24,13,19,16.0,64,1013
2021-06-03,24,16,20,12.0,70,1019
2021-06-04,17,13,15,3.0,81,1024
2021-06-05,23,12,18,17.0,65,1026
2021-06-06,22,13,17,4.0,78,1025
2021-06-07,23,13,18,11.0,70,1023
2021-06-08,23,12,18,17.0,57,1024
2021-06-09,24,13,19,17.0,58,1021
2021-06-10,24,15,20,11.0,71,1021
2021-06-11,24,16,20,12.0,72,1020
2021-06-12,22,14,19,17.0,59,1023
2021-06-13,28,14,21,17.0,54,1026
2021-06-14,28,17,22,17.0,60,1021
2021-06-15,25,16,20,15.0,59,1021
2021-06-16,28,15,22,14.0,57,1013
2021-06-17,21,16,19,1.0,91,1010
2021-06-18,15,8,13,1.0,95,1014
2021-06-19,18,12,15,5.0,82,1015
2021-06-20,17,12,14,1.0,87,1008
2021-06-21,14,11,12,1.0,92,1012
2021-06-22,14,9,12,3.0,87,1020
2021-06-23,18,8,14,14.0,74,1023
2021-06-24,22,12,18,16.0,57,1022
2021-06-25,21,14,17,8.0,74,1020
2021-06-26,18,12,15,1.0,94,1016
2021-06-27,20,15,17,1.0,86,1016
2021-06-28,20,14,17,6.0,84,1015
2021-06-29,18,13,16,1.0,92,1016
2021-06-30,18,13,15,9.0,76,1016
2021-07-01,20,13,16,13.0,63,1018
2021-07-02,22,14,18,8.0,72,1018
2021-07-03,20,14,17,10.0,76,1012
2021-07-04,20,13,16,4.0,85,1008
2021-07-05,20,13,16,9.0,80,1006
2021-07-06,18,14,16,6.0,83,1000
2021-07-07,20,13,16,7.0,77,1014
2021-07-08,23,13,18,6.0,75,1018
2021-07-09,23,14,19,9.0,72,1019
2021-07-10,18,12,15,10.0,83,1016
2021-07-11,20,13,16,3.0,86,1014
2021-07-12,20,15,18,9.0,78,1011
2021-07-13,22,15,18,11.0,77,1015
2021-07-14,21,15,18,3.0,79,1018
2021-07-15,24,15,19,14.0,70,1021
2021-07-16,24,12,19,16.0,66,1027
2021-07-17,27,15,21,16.0,62,1028
2021-07-18,29,18,24,16.0,60,1024
2021-07-19,25,17,21,13.0,66,1023
2021-07-20,26,17,21,11.0,64,1023
2021-07-21,28,18,23,14.0,66,1023
2021-07-22,27,17,22,16.0,60,1023
2021-07-23,23,16,19,16.0,64,1016
2021-07-24,24,17,20,6.0,73,1008
2021-07-25,21,16,18,3.0,88,1008
2021-07-26,25,16,20,14.0,69,1010
2021-07-27,21,16,18,8.0,78,1009
2021-07-28,20,14,17,10.0,73,1009
2021-07-29,20,13,16,13.0,65,1010
2021-07-30,17,13,15,3.0,83,1010
2021-07-31,21,15,18,3.0,71,1009
2021-08-01,20,14,17,8.0,77,1011
2021-08-02,21,14,17,12.0,59,1015
2021-08-03,21,13,17,9.0,63,1013
2021-08-04,22,13,17,8.0,66,1013
2021-08-05,20,14,17,1.0,77,1007
2021-08-06,20,15,17,3.0,79,1001
2021-08-07,20,14,17,2.0,77,1000
2021-08-08,19,15,16,5.0,74,1006
2021-08-09,19,15,16,8.0,82,1011
2021-08-10,20,13,17,3.0,72,1016
2021-08-11,23,14,19,15.0,66,1018
2021-08-12,22,16,19,14.0,67,1019
2021-08-13,22,15,19,14.0,67,1021
2021-08-14,24,15,19,2.0,73,1019
2021-08-15,23,16,19,13.0,64,1015
2021-08-16,20,14,17,14.0,58,1017
2021-08-17,19,13,16,3.0,72,1020
2021-08-18,20,15,17,3.0,75,1017
2021-08-19,21,15,18,13.0,69,1015
2021-08-20,23,16,19,15.0,67,1016
2021-08-21,22,16,19,9.0,69,1014
2021-08-22,20,14,17,1.0,84,1016
2021-08-23,22,14,18,15.0,62,1026
2021-08-24,21,15,18,8.0,67,1028
2021-08-25,22,14,18,14.0,65,1026
2021-08-26,19,13,16,13.0,64,1023
2021-08-27,20,13,16,10.0,56,1024
2021-08-28,20,12,16,5.0,68,1025
2021-08-29,20,11,16,12.0,60,1024
2021-08-30,20,13,16,13.0,66,1024
2021-08-31,20,12,16,9.0,65,1028
2021-09-01,20,13,16,10.0,67,1029
2021-09-02,21,13,17,13.0,63,1027
2021-09-03,22,13,17,13.0,68,1022
2021-09-04,21,12,16,10.0,70,1019
2021-09-05,23,13,17,13.0,64,1020
2021-09-06,27,15,21,13.0,44,1023
2021-09-07,28,16,21,13.0,53,1021
2021-09-08,28,18,22,13.0,55,1013
2021-09-09,24,17,20,9.0,72,1010
2021-09-10,22,16,19,1.0,77,1012
2021-09-11,21,16,18,3.0,82,1015
2021-09-12,22,14,18,13.0,63,1017
2021-09-13,18,13,15,10.0,69,1018
2021-09-14,21,13,16,8.0,68,1016
2021-09-15,18,14,15,1.0,86,1013
2021-09-16,21,14,17,6.0,67,1018
2021-09-17,22,13,17,12.0,69,1013
2021-09-18,22,15,18,5.0,68,1013
2021-09-19,20,15,18,5.0,65,1016
2021-09-20,20,13,17,7.0,66,1021
2021-09-21,21,12,16,13.0,65,1030
2021-09-22,22,11,16,12.0,62,1027
2021-09-23,21,12,17,7.0,71,1021
2021-09-24,24,14,18,12.0,64,1016
2021-09-25,22,15,18,1.0,74,1015
2021-09-26,22,15,18,10.0,59,1012
2021-09-27,18,13,16,9.0,64,1017
2021-09-28,17,12,14,1.0,72,1019
2021-09-29,16,9,12,12.0,60,1021
2021-09-30,15,8,12,1.0,79,1021
2021-10-01,16,10,14,3.0,84,1011
2021-10-02,15,9,12,3.0,78,1001
2021-10-03,16,10,13,9.0,80,998
2021-10-04,16,11,13,1.0,77,1010
2021-10-05,15,10,12,1.0,82,1004
2021-10-06,16,9,12,11.0,69,1020
2021-10-07,17,10,14,2.0,75,1027
2021-10-08,19,12,15,3.0,84,1030
2021-10-09,18,10,14,10.0,73,1029
2021-10-10,18,11,14,4.0,75,1028
2021-10-11,15,9,12,11.0,69,1029
2021-10-12,15,9,12,7.0,75,1027
2021-10-13,16,10,13,6.0,68,1028
2021-10-14,17,11,14,11.0,72,1023
2021-10-15,14,10,13,1.0,72,1019
2021-10-16,15,9,12,8.0,62,1022
2021-10-17,14,11,12,3.0,84,1018
2021-10-18,17,10,14,5.0,84,1017
2021-10-19,18,15,17,1.0,87,1011
2021-10-20,18,11,15,5.0,79,999
2021-10-21,11,7,9,9.0,62,1008
2021-10-22,12,7,9,5.0,68,1023
2021-10-23,13,6,10,10.0,73,1024
2021-10-24,14,10,12,9.0,74,1018
2021-10-25,15,10,13,6.0,78,1017
2021-10-26,15,9,12,7.0,80,1020
2021-10-27,18,14,16,8.0,76,1017
2021-10-28,18,13,15,10.0,69,1010
2021-10-29,15,11,14,1.0,79,1000
2021-10-30,14,10,12,1.0,84,999
2021-10-31,13,9,11,1.0,82,996
2021-11-01,12,7,10,9.0,71,996
2021-11-02,11,5,8,7.0,74,998
2021-11-03,11,4,8,4.0,76,1005
2021-11-04,10,6,7,7.0,72,1018
2021-11-05,9,3,7,7.0,68,1026
2021-11-06,11,6,9,2.0,83,1027
2021-11-07,12,7,10,9.0,69,1022
2021-11-08,12,5,9,9.0,73,1023
2021-11-09,14,10,12,4.0,86,1023
2021-11-10,14,11,12,2.0,87,1024
2021-11-11,14,10,12,7.0,88,1025
2021-11-12,15,10,12,1.0,77,1012
2021-11-13,12,11,12,8.0,77,1012
2021-11-14,13,9,11,3.0,75,1025
2021-11-15,13,9,11,7.0,72,1026
2021-11-16,11,7,9,6.0,86,1021
2021-11-17,11,6,9,9.0,70,1022
2021-11-18,13,6,10,1.0,90,1027
2021-11-19,14,9,11,9.0,84,1030
2021-11-20,13,9,10,9.0,78,1025
2021-11-21,9,4,7,4.0,73,1018
2021-11-22,9,5,7,9.0,67,1029
2021-11-23,9,4,6,5.0,74,1033
2021-11-24,8,4,6,8.0,73,1021
2021-11-25,7,2,5,4.0,71,1015
2021-11-26,7,2,4,4.0,76,998
2021-11-27,6,3,4,4.0,78,990
2021-11-28,5,1,3,1.0,83,1004
2021-11-29,5,-0,2,7.0,74,1014
2021-11-30,11,4,9,1.0,87,1011
2021-12-01,11,4,8,4.0,74,998
2021-12-02,3,0,2,5.0,76,1010
2021-12-03,8,1,5,1.0,81,1005
2021-12-04,7,3,6,7.0,78,1000
2021-12-05,7,3,5,1.0,85,1008
2021-12-06,7,1,4,1.0,79,1008
2021-12-07,7,1,4,6.0,79,1003
2021-12-08,8,5,6,3.0,75,987
2021-12-09,8,5,6,7.0,80,997
2021-12-10,8,4,6,8.0,76,1000
2021-12-11,9,2,5,3.0,85,1016
2021-12-12,12,10,10,4.0,94,1020
2021-12-13,11,9,10,3.0,85,1023
2021-12-14,11,9,10,1.0,93,1025
2021-12-15,11,8,10,7.0,88,1031
2021-12-16,13,7,9,7.0,88,1037
2021-12-17,9,6,7,7.0,91,1040
2021-12-18,10,7,8,5.0,95,1040
2021-12-19,7,6,6,7.0,86,1034
2021-12-20,7,5,6,3.0,68,1030
2021-12-21,7,1,4,7.0,72,1027
2021-12-22,6,-0,2,6.0,64,1019
2021-12-23,10,4,7,3.0,84,1011
2021-12-24,10,7,8,3.0,95,1004
2021-12-25,8,6,7,1.0,90,1003
2021-12-26,8,6,7,1.0,95,1001
2021-12-27,10,7,8,3.0,93,995
2021-12-28,10,8,9,2.0,83,994
2021-12-29,16,8,11,1.0,87,1002
2021-12-30,14,11,13,1.0,89,1014
2021-12-31,14,12,12,3.0,85,1019
2022-01-01,14,12,13,5.0,78,1018
2022-01-02,12,9,11,2.0,80,1013
2022-01-03,11,9,10,6.0,77,1012
2022-01-04,9,2,5,2.0,72,1009
2022-01-05,6,0,3,8.0,74,1017
2022-01-06,8,-1,3,3.0,80,1019
2022-01-07,5,2,4,7.0,77,1015
2022-01-08,10,1,5,1.0,89,1003
2022-01-09,6,3,4,8.0,80,1009
2022-01-10,8,3,5,1.0,82,1017
2022-01-11,8,7,7,1.0,89,1032
2022-01-12,8,2,5,8.0,76,1041
2022-01-13,9,1,4,8.0,77,1040
2022-01-14,8,1,4,8.0,68,1036
2022-01-15,7,2,4,9.0,77,1027
2022-01-16,10,3,6,6.0,85,1026
2022-01-17,9,1,4,9.0,78,1037
2022-01-18,8,1,4,9.0,83,1037
2022-01-19,8,3,5,1.0,88,1026
2022-01-20,5,0,2,9.0,64,1036
2022-01-21,7,-1,2,9.0,72,1038
2022-01-22,8,0,4,9.0,85,1037
2022-01-23,7,2,4,9.0,84,1035
2022-01-24,7,2,4,9.0,85,1035
2022-01-25,7,1,4,9.0,84,1038
2022-01-26,9,1,4,9.0,86,1033
2022-01-27,10,4,6,4.0,85,1029
2022-01-28,9,2,5,9.0,85,1035
2022-01-29,13,7,10,3.0,82,1028
2022-01-30,7,1,5,9.0,71,1032
2022-01-31,9,5,6,9.0,66,1022
2022-02-01,14,5,10,6.0,77,1022
2022-02-02,12,8,10,8.0,81,1023
2022-02-03,11,7,9,7.0,74,1016
2022-02-04,9,5,7,3.0,69,1017
2022-02-05,10,3,7,6.0,72,1022
2022-02-06,10,5,9,1.0,71,1010
2022-02-07,9,3,6,10.0,70,1027
2022-02-08,12,9,11,3.0,66,1028
2022-02-09,11,8,10,1.0,71,1025
2022-02-10,8,4,6,1.0,78,1023
2022-02-11,9,1,5,10.0,65,1033
2022-02-12,8,3,6,6.0,63,1022
2022-02-13,10,6,8,1.0,82,999
2022-02-14,8,5,7,3.0,79,1004
2022-02-15,10,3,7,1.0,83,1010
2022-02-16,13,8,12,1.0,86,1001
2022-02-17,10,6,7,5.0,67,1011
2022-02-18,12,5,8,1.0,69,1000
2022-02-19,7,4,5,4.0,70,1009
2022-02-20,12,4,9,1.0,81,1006
2022-02-21,10,4,7,1.0,66,1011
2022-02-22,13,5,9,5.0,79,1018
2022-02-23,10,2,7,9.0,70,1024
2022-02-24,9,4,7,2.0,65,1014
2022-02-25,10,3,6,11.0,62,1027
2022-02-26,10,2,6,11.0,66,1031
2022-02-27,10,3,6,11.0,61,1024
2022-02-28,10,6,8,1.0,84,1023
2022-03-01,9,6,8,1.0,96,1024
2022-03-02,8,7,8,1.0,92,1019
2022-03-03,12,5,8,11.0,72,1015
2022-03-04,9,6,8,6.0,78,1017
2022-03-05,9,4,7,2.0,79,1022
2022-03-06,8,3,5,7.0,75,1028
2022-03-07,8,2,5,11.0,68,1024
2022-03-08,11,1,6,11.0,60,1017
2022-03-09,13,6,9,11.0,77,1018
2022-03-10,14,7,10,10.0,73,1018
2022-03-11,12,8,10,2.0,82,1006
2022-03-12,12,6,9,5.0,73,1011
2022-03-13,11,6,9,7.0,75,1009
2022-03-14,14,3,8,7.0,70,1023
2022-03-15,12,5,9,6.0,77,1021
2022-03-16,14,7,10,2.0,83,1018
2022-03-17,14,3,9,12.0,63,1032
2022-03-18,14,4,9,12.0,73,1041
2022-03-19,14,7,10,12.0,66,1039
2022-03-20,12,5,8,8.0,62,1026
2022-03-21,14,2,8,4.0,77,1027
2022-03-22,18,8,12,11.0,70,1029
2022-03-23,18,6,12,13.0,57,1030
2022-03-24,17,7,11,13.0,60,1032
2022-03-25,17,5,11,13.0,58,1031
2022-03-26,17,5,11,13.0,59,1033
2022-03-27,13,6,9,7.0,76,1032
2022-03-28,17,5,11,11.0,68,1023
2022-03-29,11,5,9,1.0,89,1012
2022-03-30,9,3,7,5.0,73,1009
2022-03-31,6,1,3,8.0,78,1009
2022-04-01,9,1,4,7.0,57,1016
2022-04-02,9,-0,4,6.0,50,1021
2022-04-03,10,-1,5,7.0,59,1025
2022-04-04,12,5,8,1.0,86,1014
2022-04-05,15,10,11,5.0,73,1008
2022-04-06,13,9,11,5.0,66,997
2022-04-07,11,6,8,8.0,61,995
2022-04-08,10,4,6,2.0,61,1001
2022-04-09,10,3,6,10.0,60,1015
2022-04-10,13,3,8,13.0,56,1020
2022-04-11,13,6,10,1.0,62,1014
2022-04-12,19,10,13,6.0,74,1008
2022-04-13,17,10,13,2.0,78,1016
2022-04-14,19,8,14,10.0,72,1025
2022-04-15,21,9,15,10.0,70,1026
2022-04-16,17,9,13,13.0,69,1029
2022-04-17,17,8,13,3.0,57,1024
2022-04-18,15,8,11,6.0,68,1015
2022-04-19,14,8,11,4.0,71,1018
2022-04-20,16,8,11,13.0,64,1015
2022-04-21,15,7,11,14.0,70,1010
2022-04-22,13,9,10,1.0,80,1008
2022-04-23,15,10,12,1.0,72,1005
2022-04-24,15,7,11,6.0,71,1008
2022-04-25,13,6,9,6.0,73,1016
2022-04-26,15,5,10,15.0,63,1023
2022-04-27,13,5,9,15.0,65,1027
2022-04-28,15,5,10,14.0,66,1031
2022-04-29,14,7,10,15.0,58,1031
2022-04-30,17,5,11,13.0,63,1029
2022-05-01,14,9,11,1.0,68,1024
2022-05-02,17,9,12,14.0,69,1021
2022-05-03,15,10,13,7.0,69,1020
2022-05-04,16,10,13,7.0,84,1020
2022-05-05,19,8,14,3.0,75,1024
2022-05-06,21,10,15,10.0,73,1024
2022-05-07,17,9,13,6.0,88,1026
2022-05-08,18,7,12,15.0,65,1029
2022-05-09,19,7,14,12.0,62,1025
2022-05-10,20,12,15,6.0,68,1015
2022-05-11,16,11,13,5.0,76,1012
2022-05-12,19,8,13,13.0,63,1018
2022-05-13,20,9,14,15.0,65,1019
2022-05-14,22,9,16,15.0,62,1021
2022-05-15,21,13,16,9.0,64,1016
2022-05-16,22,14,17,10.0,72,1015
2022-05-17,25,12,18,11.0,60,1020
2022-05-18,22,12,18,13.0,63,1019
2022-05-19,21,14,17,8.0,68,1019
2022-05-20,16,12,14,8.0,80,1019
2022-05-21,19,10,14,15.0,70,1021
2022-05-22,23,10,16,16.0,64,1014
2022-05-23,17,10,14,7.0,81,1002
2022-05-24,17,9,13,5.0,69,1005
2022-05-25,17,9,13,9.0,76,1014
2022-05-26,20,11,16,5.0,75,1021
2022-05-27,19,11,15,17.0,58,1026
2022-05-28,18,9,13,17.0,59,1026
2022-05-29,14,8,11,14.0,59,1019
2022-05-30,16,7,12,17.0,60,1015
2022-05-31,17,9,13,8.0,69,1015
2022-06-01,18,8,13,11.0,63,1019
2022-06-02,20,9,15,16.0,63,1021
2022-06-03,21,11,16,16.0,60,1019
2022-06-04,19,12,15,10.0,67,1020
2022-06-05,15,12,13,1.0,93,1015
2022-06-06,14,10,12,1.0,91,1016
2022-06-07,21,11,16,15.0,70,1013
2022-06-08,22,13,17,6.0,74,1008
2022-06-09,20,12,16,17.0,62,1014
2022-06-10,23,15,18,12.0,66,1019
2022-06-11,22,12,17,16.0,62,1022
2022-06-12,20,12,16,13.0,64,1024
2022-06-13,20,11,16,17.0,57,1025
2022-06-14,24,12,18,17.0,54,1021
2022-06-15,26,13,20,17.0,52,1019
2022-06-16,28,15,21,16.0,52,1022
2022-06-17,32,17,24,17.0,50,1018
2022-06-18,26,14,20,4.0,63,1019
2022-06-19,20,11,16,15.0,55,1016
2022-06-20,22,12,17,17.0,52,1019
2022-06-21,25,11,18,13.0,48,1013
2022-06-22,26,12,20,17.0,38,1013
2022-06-23,25,13,19,11.0,58,1011
2022-06-24,22,15,19,14.0,61,1005
2022-06-25,20,13,17,9.0,61,1008
2022-06-26,21,12,17,16.0,50,1012
2022-06-27,19,12,16,8.0,62,1017
2022-06-28,21,11,17,15.0,55,1018
2022-06-29,22,14,17,12.0,60,1012
2022-06-30,20,14,16,12.0,59,1011
2022-07-01,21,12,16,10.0,71,1015
2022-07-02,21,12,17,9.0,63,1019
2022-07-03,23,11,17,11.0,62,1021
2022-07-04,21,13,18,15.0,54,1022
2022-07-05,22,13,18,14.0,51,1025
2022-07-06,24,13,20,7.0,59,1026
2022-07-07,24,15,20,15.0,51,1028
2022-07-08,28,14,21,17.0,53,1031
2022-07-09,27,16,21,17.0,50,1030
2022-07-10,29,14,22,17.0,49,1027
2022-07-11,32,17,24,17.0,42,1023
2022-07-12,31,19,25,16.0,34,1021
2022-07-13,27,19,23,13.0,43,1022
2022-07-14,25,17,21,16.0,45,1022
2022-07-15,26,15,21,16.0,45,1023
2022-07-16,28,15,21,16.0,46,1025
2022-07-17,32,16,24,16.0,33,1025
2022-07-18,37,20,29,16.0,19,1017
2022-07-19,40,24,31,16.0,22,1011
2022-07-20,29,19,24,9.0,46,1013
2022-07-21,24,18,21,2.0,60,1021
2022-07-22,21,16,19,7.0,67,1020
2022-07-23,26,16,21,15.0,57,1018
2022-07-24,28,18,22,14.0,52,1013
2022-07-25,24,17,20,2.0,60,1010
2022-07-26,21,15,18,6.0,55,1019
2022-07-27,22,15,19,10.0,49,1019
2022-07-28,21,17,19,15.0,56,1017
2022-07-29,26,14,20,15.0,53,1018
2022-07-30,26,17,22,7.0,52,1018
2022-07-31,23,19,20,4.0,75,1018
2022-08-01,27,18,22,9.0,53,1018
2022-08-02,27,20,23,4.0,63,1014
2022-08-03,29,19,24,13.0,57,1013
2022-08-04,25,17,21,13.0,45,1015
2022-08-05,24,14,19,15.0,39,1023
2022-08-06,26,13,19,14.0,37,1026
2022-08-07,27,15,21,15.0,42,1025
2022-08-08,28,15,22,15.0,43,1025
2022-08-09,28,16,22,15.0,49,1027
2022-08-10,29,16,23,15.0,51,1025
2022-08-11,32,17,24,15.0,42,1020
2022-08-12,33,19,25,15.0,37,1018
2022-08-13,34,19,26,15.0,36,1014
2022-08-14,33,20,27,15.0,34,1007
2022-08-15,30,21,24,13.0,46,1001
2022-08-16,23,19,21,4.0,60,1005
2022-08-17,22,17,19,1.0,69,1014
2022-08-18,26,16,21,11.0,60,1015
2022-08-19,24,18,21,12.0,57,1014
2022-08-20,23,14,19,15.0,55,1017
2022-08-21,24,16,19,14.0,59,1015
2022-08-22,24,15,19,11.0,68,1013
2022-08-23,24,17,21,8.0,79,1014
2022-08-24,27,19,23,13.0,62,1016
2022-08-25,20,17,19,1.0,83,1017
2022-08-26,24,16,20,13.0,55,1018
2022-08-27,23,16,20,7.0,62,1018
2022-08-28,23,14,18,12.0,62,1020
2022-08-29,22,15,18,12.0,55,1021
2022-08-30,23,14,18,10.0,54,1021
2022-08-31,24,15,19,12.0,64,1022
2022-09-01,23,16,19,6.0,59,1019
2022-09-02,23,17,20,8.0,66,1010
2022-09-03,23,16,19,12.0,66,1008
2022-09-04,24,16,20,9.0,60,1013
2022-09-05,23,18,20,6.0,61,1015
2022-09-06,22,16,18,8.0,74,1012
2022-09-07,21,16,18,4.0,77,1010
2022-09-08,19,15,17,11.0,80,1006
2022-09-09,19,15,16,3.0,83,1005
2022-09-10,21,14,17,10.0,75,1014
2022-09-11,22,14,18,7.0,68,1016
2022-09-12,25,15,20,11.0,61,1011
2022-09-13,20,16,18,4.0,75,1009
2022-09-14,23,16,18,9.0,71,1008
2022-09-15,20,13,16,7.0,63,1011
2022-09-16,16,11,14,10.0,51,1017
2022-09-17,17,8,13,12.0,49,1022
2022-09-18,16,9,13,5.0,57,1020
2022-09-19,17,10,14,12.0,53,1025
2022-09-20,19,11,15,7.0,57,1026
2022-09-21,21,13,17,11.0,60,1025
2022-09-22,20,12,16,12.0,60,1022
2022-09-23,20,14,16,6.0,53,1016
2022-09-24,16,12,13,3.0,79,1015
2022-09-25,17,10,13,7.0,64,1016
2022-09-26,15,10,12,10.0,68,1004
2022-09-27,12,9,11,4.0,68,1003
2022-09-28,15,7,11,11.0,61,1000
2022-09-29,17,8,12,9.0,66,1005
2022-09-30,17,7,12,8.0,73,1007
2022-10-01,17,11,14,11.0,74,1006
2022-10-02,16,11,14,1.0,90,1016
2022-10-03,19,12,15,2.0,81,1021
2022-10-04,19,13,16,11.0,81,1015
2022-10-05,18,12,16,3.0,71,1013
2022-10-06,18,9,14,11.0,61,1028
2022-10-07,20,12,15,8.0,73,1020
2022-10-08,17,8,12,11.0,63,1023
2022-10-09,17,8,12,6.0,64,1018
2022-10-10,17,9,13,10.0,53,1020
2022-10-11,16,7,11,11.0,52,1026
2022-10-12,17,8,12,8.0,65,1023
2022-10-13,15,11,13,1.0,86,1017
2022-10-14,16,11,13,5.0,72,1012
2022-10-15,17,11,14,11.0,73,1005
2022-10-16,17,10,14,6.0,75,1011
2022-10-17,16,11,15,1.0,88,1018
2022-10-18,18,10,13,11.0,66,1027
2022-10-19,17,13,14,5.0,71,1018
2022-10-20,18,13,15,5.0,84,1007
2022-10-21,17,12,15,4.0,83,1002
2022-10-22,18,12,15,10.0,78,1010
2022-10-23,19,14,16,3.0,83,1002
2022-10-24,16,13,15,2.0,78,1004
2022-10-25,17,12,15,10.0,78,1011
2022-10-26,19,15,17,2.0,78,1012
2022-10-27,20,14,16,6.0,81,1016
2022-10-28,19,13,16,10.0,75,1016
2022-10-29,19,13,16,8.0,78,1015
2022-10-30,16,13,15,2.0,82,1016
2022-10-31,17,13,15,1.0,79,1014
2022-11-01,15,11,13,5.0,80,1008
2022-11-02,16,10,12,9.0,71,1013
2022-11-03,12,7,10,1.0,80,1005
2022-11-04,13,7,10,10.0,75,1009
2022-11-05,13,6,10,3.0,85,1015
2022-11-06,14,10,13,3.0,86,1005
2022-11-07,15,10,13,3.0,79,1005
2022-11-08,14,12,13,1.0,74,1000
2022-11-09,13,11,12,4.0,79,1009
2022-11-10,15,11,13,7.0,83,1021
2022-11-11,16,11,13,4.0,84,1026
2022-11-12,17,10,13,9.0,80,1028
2022-11-13,16,10,12,7.0,73,1018
2022-11-14,13,10,11,1.0,81,1011
2022-11-15,13,10,11,1.0,80,999
2022-11-16,12,9,11,5.0,83,993
2022-11-17,12,8,10,1.0,79,989
2022-11-18,11,7,9,9.0,73,1007
2022-11-19,12,5,8,9.0,72,1014
2022-11-20,9,5,7,1.0,76,1006
2022-11-21,11,4,7,1.0,84,998
2022-11-22,8,6,7,2.0,84,996
2022-11-23,11,6,9,4.0,80,998
2022-11-24,12,7,10,6.0,76,1005
2022-11-25,11,7,9,7.0,85,1016
2022-11-26,12,7,10,2.0,86,1024
2022-11-27,12,9,11,1.0,93,1011
2022-11-28,10,6,8,4.0,83,1010
2022-11-29,10,5,7,8.0,86,1019
2022-11-30,9,6,7,8.0,85,1023
2022-12-01,9,5,6,8.0,88,1028
2022-12-02,8,4,6,6.0,76,1027
2022-12-03,6,4,5,1.0,76,1021
2022-12-04,6,4,5,1.0,73,1017
2022-12-05,7,6,6,1.0,80,1022
2022-12-06,7,4,5,7.0,74,1024
2022-12-07,4,-0,2,8.0,82,1022
2022-12-08,4,-2,0,4.0,79,1012
2022-12-09,4,-2,0,8.0,65,1010
2022-12-10,3,-2,-0,6.0,61,1010
2022-12-11,2,-2,0,5.0,78,1010
2022-12-12,3,-0,1,1.0,84,1011
2022-12-13,2,-2,-0,1.0,72,1009
2022-12-14,2,-1,1,1.0,73,1003
2022-12-15,2,-3,-1,7.0,79,1014
2022-12-16,2,-3,-1,6.0,66,1020
2022-12-17,4,-2,0,5.0,84,1023
2022-12-18,8,-1,2,1.0,80,1018
2022-12-19,13,9,11,1.0,90,1007
2022-12-20,12,7,10,1.0,87,1003
2022-12-21,9,6,7,3.0,74,1011
2022-12-22,12,6,9,1.0,87,1004
2022-12-23,13,9,11,5.0,84,1001
2022-12-24,10,7,9,7.0,86,1011
2022-12-25,11,8,10,1.0,81,1006
2022-12-26,10,4,6,7.0,70,1018
2022-12-27,10,4,7,2.0,79,1020
2022-12-28,12,9,10,1.0,85,1005
2022-12-29,10,7,8,7.0,69,1002
2022-12-30,14,7,10,1.0,81,997
2022-12-31,13,12,13,1.0,90,1002
2023-01-01,13,8,11,8.0,77,1011
2023-01-02,9,3,7,6.0,76,1019
2023-01-03,12,3,9,1.0,88,1020
2023-01-04,13,11,12,4.0,81,1015
2023-01-05,13,10,12,6.0,79,1017
2023-01-06,12,7,9,5.0,85,1017
2023-01-07,12,8,10,1.0,81,1002
2023-01-08,8,6,7,1.0,78,996
2023-01-09,8,6,7,6.0,69,1002
2023-01-10,12,4,8,1.0,86,1009
2023-01-11,11,7,9,6.0,77,1009
2023-01-12,12,8,10,1.0,85,1008
2023-01-13,10,7,8,5.0,69,1011
2023-01-14,12,6,9,1.0,82,1005
2023-01-15,7,4,5,8.0,68,1002
2023-01-16,5,-1,3,2.0,87,983
2023-01-17,3,-2,-0,8.0,71,989
2023-01-18,3,-2,1,1.0,82,993
2023-01-19,5,-2,1,9.0,71,1011
2023-01-20,5,0,2,3.0,72,1022
2023-01-21,7,0,2,9.0,80,1032
2023-01-22,3,-1,0,9.0,75,1035
2023-01-23,5,-2,1,9.0,80,1037
2023-01-24,6,1,3,9.0,86,1039
2023-01-25,6,-1,3,7.0,83,1032
2023-01-26,8,2,5,1.0,82,1028
2023-01-27,7,2,4,4.0,78,1031
2023-01-28,6,0,3,9.0,77,1031
2023-01-29,8,3,6,7.0,85,1026
2023-01-30,8,3,6,9.0,71,1026
2023-01-31,9,3,6,6.0,81,1026
2023-02-01,9,5,7,1.0,71,1022
2023-02-02,12,6,8,3.0,81,1026
2023-02-03,13,7,9,9.0,81,1032
2023-02-04,10,6,8,6.0,74,1037
2023-02-05,9,2,6,9.0,65,1044
2023-02-06,9,1,4,9.0,71,1040
2023-02-07,7,0,3,9.0,74,1038
2023-02-08,7,-1,2,10.0,65,1038
2023-02-09,9,0,4,8.0,66,1033
2023-02-10,8,0,4,10.0,69,1037
2023-02-11,11,5,8,10.0,84,1036
2023-02-12,11,5,7,10.0,82,1036
2023-02-13,13,3,7,10.0,80,1032
2023-02-14,14,3,7,10.0,69,1031
2023-02-15,13,3,8,10.0,72,1024
2023-02-16,12,7,9,1.0,87,1021
2023-02-17,14,9,12,1.0,84,1022
2023-02-18,12,10,11,3.0,82,1021
2023-02-19,13,8,10,10.0,68,1026
2023-02-20,13,8,10,10.0,81,1024
2023-02-21,12,7,9,4.0,83,1018
2023-02-22,10,5,8,1.0,78,1011
2023-02-23,8,3,6,5.0,74,1021
2023-02-24,9,2,5,1.0,75,1017
2023-02-25,7,2,4,7.0,68,1018
2023-02-26,8,2,4,9.0,60,1026
2023-02-27,8,2,5,1.0,71,1032
2023-02-28,9,3,5,8.0,72,1032
2023-03-01,8,4,6,1.0,75,1028
2023-03-02,11,2,6,11.0,75,1026
2023-03-03,10,2,6,11.0,71,1028
2023-03-04,9,2,5,11.0,72,1028
2023-03-05,6,4,5,2.0,63,1019
2023-03-06,8,1,5,1.0,83,1005
2023-03-07,6,2,4,1.0,77,1000
2023-03-08,3,1,2,1.0,94,992
2023-03-09,11,3,7,1.0,95,990
2023-03-10,9,1,5,3.0,82,994
2023-03-11,8,-0,3,10.0,63,1012
2023-03-12,14,5,10,6.0,84,1007
2023-03-13,13,9,11,1.0,83,989
2023-03-14,9,2,5,5.0,71,1001
2023-03-15,9,1,5,4.0,67,1015
2023-03-16,11,8,10,1.0,88,1005
2023-03-17,13,10,11,4.0,88,1004
2023-03-18,13,8,11,1.0,81,1010
2023-03-19,14,8,10,2.0,88,1016
2023-03-20,15,7,10,11.0,72,1018
2023-03-21,13,8,10,1.0,85,1008
2023-03-22,15,10,11,6.0,72,1001
2023-03-23,14,9,11,2.0,80,998
2023-03-24,13,8,10,5.0,72,998
2023-03-25,13,8,10,7.0,71,1004
2023-03-26,9,5,7,1.0,71,1009
2023-03-27,10,2,6,11.0,58,1026
2023-03-28,10,4,7,1.0,76,1020
2023-03-29,16,9,12,1.0,85,1008
2023-03-30,14,10,11,1.0,84,1005
2023-03-31,12,9,10,1.0,92,993
2023-04-01,9,7,8,1.0,92,1003
2023-04-02,11,6,8,9.0,69,1028
2023-04-03,12,3,7,13.0,65,1033
2023-04-04,12,1,7,13.0,61,1030
2023-04-05,13,2,8,10.0,62,1023
2023-04-06,12,7,9,2.0,83,1016
2023-04-07,14,5,9,12.0,64,1022
2023-04-08,14,5,9,8.0,60,1025
2023-04-09,15,6,10,8.0,67,1021
2023-04-10,15,8,11,4.0,76,1012
2023-04-11,13,6,9,4.0,78,1009
2023-04-12,11,5,8,5.0,76,996
2023-04-13,13,5,8,10.0,66,1005
2023-04-14,13,3,8,6.0,68,1010
2023-04-15,13,7,9,4.0,77,1017
2023-04-16,12,7,9,1.0,83,1025
2023-04-17,15,6,10,12.0,71,1029
2023-04-18,13,6,9,9.0,70,1028
2023-04-19,15,6,10,7.0,70,1025
2023-04-20,13,5,8,5.0,76,1021
2023-04-21,12,6,9,4.0,80,1012
2023-04-22,13,4,8,7.0,75,1006
2023-04-23,13,8,10,4.0,90,1003
2023-04-24,10,5,7,3.0,73,1013
2023-04-25,11,2,7,15.0,56,1017
2023-04-26,12,5,8,13.0,61,1018
2023-04-27,15,7,11,4.0,85,1014
2023-04-28,17,11,14,3.0,83,1013
2023-04-29,18,8,12,5.0,83,1017
2023-04-30,17,7,12,8.0,72,1021
2023-05-01,18,10,13,8.0,70,1020
2023-05-02,14,7,10,11.0,70,1027
2023-05-03,15,5,9,14.0,68,1027
2023-05-04,18,9,14,10.0,74,1016
2023-05-05,17,11,14,5.0,83,1014
2023-05-06,13,10,12,1.0,94,1014
2023-05-07,20,10,15,13.0,74,1018
2023-05-08,15,11,13,5.0,82,1019
2023-05-09,18,10,13,4.0,89,1011
2023-05-10,16,9,12,6.0,87,1012
2023-05-11,18,7,12,9.0,79,1015
2023-05-12,12,9,11,3.0,93,1021
2023-05-13,18,9,13,15.0,74,1024
2023-05-14,20,8,14,13.0,68,1020
2023-05-15,14,7,11,4.0,78,1019
2023-05-16,17,6,12,11.0,65,1025
2023-05-17,18,8,12,7.0,72,1028
2023-05-18,18,10,14,6.0,75,1027
2023-05-19,19,10,13,13.0,60,1028
2023-05-20,17,7,12,9.0,74,1024
2023-05-21,19,8,13,5.0,73,1022
2023-05-22,19,9,14,11.0,69,1021
2023-05-23,17,9,13,9.0,66,1026
2023-05-24,21,9,15,11.0,66,1026
2023-05-25,19,9,14,16.0,65,1030
2023-05-26,18,8,12,17.0,63,1032
2023-05-27,19,8,14,17.0,60,1028
2023-05-28,21,8,14,10.0,64,1025
2023-05-29,18,8,12,17.0,64,1028
2023-05-30,18,8,13,11.0,68,1029
2023-05-31,20,10,14,11.0,69,1027
2023-06-01,20,8,13,16.0,70,1026
2023-06-02,18,8,13,17.0,59,1025
2023-06-03,21,8,14,17.0,62,1024
2023-06-04,22,10,15,17.0,56,1025
2023-06-05,20,9,14,17.0,62,1025
2023-06-06,19,9,13,15.0,69,1024
2023-06-07,21,8,14,17.0,63,1023
2023-06-08,21,9,15,17.0,58,1019
2023-06-09,25,11,18,17.0,66,1014
2023-06-10,28,15,21,14.0,63,1014
2023-06-11,28,16,22,14.0,73,1014
2023-06-12,28,18,22,14.0,59,1015
2023-06-13,27,16,21,17.0,49,1015
2023-06-14,27,13,20,17.0,48,1018
2023-06-15,25,13,19,17.0,53,1021
2023-06-16,27,14,20,17.0,42,1020
2023-06-17,26,14,20,15.0,46,1016
2023-06-18,24,15,19,9.0,82,1010
2023-06-19,24,13,19,12.0,60,1011
2023-06-20,23,16,19,4.0,76,1010
2023-06-21,25,15,20,14.0,59,1016
2023-06-22,26,15,21,13.0,58,1019
2023-06-23,26,15,21,16.0,60,1023
2023-06-24,27,16,22,15.0,59,1023
2023-06-25,30,17,23,17.0,50,1014
2023-06-26,23,14,19,16.0,53,1020
2023-06-27,22,14,18,7.0,64,1021
2023-06-28,24,17,21,9.0,68,1017
2023-06-29,20,15,17,4.0,84,1015
2023-06-30,20,13,17,9.0,66,1013
2023-07-01,22,16,18,9.0,66,1006
2023-07-02,21,12,17,17.0,53,1012
2023-07-03,20,13,17,14.0,56,1012
2023-07-04,20,12,16,4.0,68,1011
2023-07-05,21,10,16,10.0,65,1013
2023-07-06,22,12,17,17.0,61,1016
2023-07-07,29,12,21,17.0,50,1016
2023-07-08,26,18,22,10.0,64,1015
2023-07-09,24,15,20,15.0,58,1019
2023-07-10,24,14,19,13.0,60,1019
2023-07-11,24,16,19,11.0,70,1009
2023-07-12,22,14,18,12.0,65,1011
2023-07-13,23,13,18,8.0,63,1016
2023-07-14,20,15,17,3.0,76,1009
2023-07-15,21,15,18,3.0,72,1001
2023-07-16,22,14,17,12.0,60,1010
2023-07-17,23,13,18,14.0,57,1017
2023-07-18,23,13,18,13.0,55,1018
2023-07-19,22,14,18,5.0,63,1016
2023-07-20,23,13,18,11.0,55,1015
2023-07-21,20,14,17,13.0,55,1013
2023-07-22,18,13,15,2.0,80,1010
2023-07-23,24,16,19,4.0,75,1004
2023-07-24,17,14,16,3.0,79,1005
2023-07-25,20,12,16,6.0,62,1011
2023-07-26,22,12,17,12.0,58,1013
2023-07-27,22,16,18,5.0,84,1005
2023-07-28,23,17,19,4.0,72,1006
2023-07-29,22,16,18,10.0,65,1007
2023-07-30,19,14,17,2.0,83,1010
2023-07-31,21,16,19,8.0,73,1006
2023-08-01,21,15,18,7.0,66,1002
2023-08-02,18,14,16,5.0,88,990
2023-08-03,22,14,18,10.0,68,1005
2023-08-04,19,14,17,1.0,71,1017
2023-08-05,18,12,14,1.0,86,1008
2023-08-06,19,11,15,6.0,70,1017
2023-08-07,21,11,16,15.0,66,1019
2023-08-08,17,13,15,6.0,78,1016
2023-08-09,24,12,18,15.0,66,1019
2023-08-10,26,15,21,15.0,67,1019
2023-08-11,24,18,20,5.0,71,1018
2023-08-12,22,15,19,9.0,68,1015
2023-08-13,23,16,19,7.0,62,1014
2023-08-14,22,15,18,5.0,75,1011
2023-08-15,23,13,18,13.0,65,1016
2023-08-16,24,15,19,13.0,59,1020
2023-08-17,24,16,19,14.0,65,1019
2023-08-18,21,17,19,4.0,91,1013
2023-08-19,24,17,20,10.0,70,1014
2023-08-20,24,15,20,14.0,60,1021
2023-08-21,25,14,20,15.0,61,1022
2023-08-22,25,15,20,14.0,59,1020
2023-08-23,26,14,20,14.0,63,1020
2023-08-24,23,17,19,4.0,69,1012
2023-08-25,22,15,18,12.0,59,1010
2023-08-26,20,13,16,6.0,71,1009
2023-08-27,20,12,16,10.0,69,1010
2023-08-28,21,13,16,9.0,64,1014
2023-08-29,22,12,17,10.0,60,1012
2023-08-30,19,11,15,8.0,64,1009
2023-08-31,17,13,15,3.0,77,1009
2023-09-01,23,14,18,6.0,71,1011
2023-09-02,24,16,19,8.0,72,1020
2023-09-03,25,15,19,11.0,68,1026
2023-09-04,26,17,21,13.0,61,1023
2023-09-05,27,18,22,13.0,58,1018
2023-09-06,31,19,25,13.0,53,1018
2023-09-07,30,20,25,13.0,50,1017
2023-09-08,29,20,25,13.0,51,1016
2023-09-09,31,22,26,13.0,53,1016
2023-09-10,31,21,26,13.0,48,1015
2023-09-11,26,18,22,12.0,65,1013
2023-09-12,21,16,19,1.0,71,1015
2023-09-13,19,15,16,3.0,74,1021
2023-09-14,23,15,19,13.0,61,1020
2023-09-15,25,15,20,13.0,57,1014
2023-09-16,26,17,21,13.0,59,1015
2023-09-17,23,17,19,2.0,78,1011
2023-09-18,21,14,18,8.0,75,1004
2023-09-19,18,14,16,1.0,80,1006
2023-09-20,19,15,17,1.0,85,999
2023-09-21,18,13,15,7.0,76,996
2023-09-22,17,12,14,5.0,70,1001
2023-09-23,16,10,13,12.0,63,1015
2023-09-24,20,13,17,10.0,65,1018
2023-09-25,22,15,18,10.0,65,1018
2023-09-26,22,14,18,9.0,73,1017
2023-09-27,21,15,18,9.0,76,1014
2023-09-28,19,13,16,11.0,68,1014
2023-09-29,20,14,18,11.0,67,1018
2023-09-30,19,12,15,12.0,68,1024
2023-10-01,22,16,19,4.0,81,1020
2023-10-02,23,16,19,6.0,81,1016
2023-10-03,18,13,15,9.0,72,1018
2023-10-04,18,12,14,9.0,71,1026
2023-10-05,18,12,15,9.0,71,1024
2023-10-06,21,14,17,11.0,71,1023
2023-10-07,23,14,18,11.0,65,1023
2023-10-08,19,15,17,10.0,73,1027
2023-10-09,23,14,18,11.0,66,1023
2023-10-10,24,15,19,11.0,56,1017
2023-10-11,19,12,17,3.0,76,1013
2023-10-12,17,13,15,1.0,85,1014
2023-10-13,18,11,17,2.0,88,1004
2023-10-14,13,9,11,10.0,61,1019
2023-10-15,10,7,8,11.0,51,1026
2023-10-16,12,7,9,3.0,61,1022
2023-10-17,15,10,13,11.0,57,1014
2023-10-18,17,12,14,3.0,75,996
2023-10-19,17,14,15,2.0,87,987
2023-10-20,15,12,14,1.0,91,974
2023-10-21,14,10,12,1.0,84,985
2023-10-22,16,8,12,10.0,72,1005
2023-10-23,14,10,12,2.0,81,1003
2023-10-24,15,10,12,6.0,80,1003
2023-10-25,14,11,12,2.0,87,997
2023-10-26,12,9,11,1.0,91,992
2023-10-27,14,10,12,2.0,85,991
2023-10-28,14,10,12,4.0,82,989
2023-10-29,13,11,12,1.0,77,990
2023-10-30,15,11,12,9.0,76,995
2023-10-31,14,9,12,6.0,83,1001
2023-11-01,13,10,12,3.0,80,993
2023-11-02,12,7,10,1.0,83,967
2023-11-03,13,9,10,5.0,70,980
2023-11-04,12,8,10,4.0,83,971
2023-11-05,12,7,10,8.0,81,979
2023-11-06,12,8,10,6.0,76,998
2023-11-07,12,7,9,7.0,78,1008
2023-11-08,12,8,9,2.0,80,1006
2023-11-09,10,7,8,6.0,74,997
2023-11-10,9,6,8,5.0,82,997
2023-11-11,10,5,7,9.0,76,1007
2023-11-12,9,6,8,1.0,86,1002
2023-11-13,15,9,12,5.0,81,1000
2023-11-14,13,11,11,3.0,77,1004
2023-11-15,11,7,10,7.0,70,1018
2023-11-16,8,7,7,1.0,84,1011
2023-11-17,10,6,7,9.0,79,1020
2023-11-18,14,8,11,1.0,91,1013
2023-11-19,13,11,12,1.0,77,1009
2023-11-20,11,9,9,5.0,84,1009
2023-11-21,10,7,9,1.0,84,1023
2023-11-22,10,7,8,9.0,82,1030
2023-11-23,13,8,11,5.0,83,1026
2023-11-24,11,4,8,8.0,60,1022
2023-11-25,7,2,4,7.0,64,1021
2023-11-26,9,4,6,1.0,70,1015
2023-11-27,10,6,8,1.0,89,1001
2023-11-28,7,3,5,6.0,72,1011
2023-11-29,6,3,4,1.0,80,1005
2023-11-30,5,2,3,2.0,69,1005
2023-12-01,4,1,2,5.0,78,1008
2023-12-02,4,0,1,8.0,77,1016
2023-12-03,8,1,6,1.0,85,1010
2023-12-04,7,6,7,1.0,92,996
2023-12-05,6,5,5,1.0,89,1006
2023-12-06,6,2,4,8.0,83,1018
2023-12-07,9,5,7,1.0,83,1007
2023-12-08,10,7,8,3.0,86,1005
2023-12-09,13,8,9,1.0,82,999
2023-12-10,11,7,9,1.0,85,1005
2023-12-11,10,7,9,5.0,80,1004
2023-12-12,11,7,9,2.0,92,1001
2023-12-13,8,4,7,1.0,85,1004
2023-12-14,7,4,6,1.0,83,1022
2023-12-15,8,4,6,8.0,80,1036
2023-12-16,10,5,8,3.0,92,1039
2023-12-17,11,8,9,7.0,83,1033
2023-12-18,12,9,11,1.0,91,1028
2023-12-19,12,7,10,1.0,88,1020
2023-12-20,10,6,8,1.0,79,1019
2023-12-21,12,11,12,1.0,76,1008
2023-12-22,11,8,10,1.0,73,1014
2023-12-23,11,8,10,5.0,74,1015
2023-12-24,13,10,12,1.0,86,1007
2023-12-25,13,9,12,1.0,84,1007
2023-12-26,11,7,8,7.0,77,1015
2023-12-27,12,7,10,1.0,83,1008
2023-12-28,11,9,11,1.0,72,1006
2023-12-29,10,6,9,7.0,73,1007
2023-12-30,11,6,9,1.0,80,1005
2023-12-31,11,7,8,2.0,77,991
